expand,self,id,key,name,projectTypeKey,archived,avatarUrls.48x48,avatarUrls.24x24,avatarUrls.16x16,avatarUrls.32x32,projectCategory.self,projectCategory.id,projectCategory.name,projectCategory.description
"description,lead,url,projectKeys",https://jira.footlocker.com/rest/api/2/project/30400,30400,TEST,**Test Project**,software,False,https://jira.footlocker.com/secure/projectavatar?avatarId=13203,https://jira.footlocker.com/secure/projectavatar?size=small&avatarId=13203,https://jira.footlocker.com/secure/projectavatar?size=xsmall&avatarId=13203,https://jira.footlocker.com/secure/projectavatar?size=medium&avatarId=13203,,,,
"description,lead,url,projectKeys",https://jira.footlocker.com/rest/api/2/project/18404,18404,CCEP,2021 Purchase Path,software,False,https://jira.footlocker.com/secure/projectavatar?pid=18404&avatarId=29108,https://jira.footlocker.com/secure/projectavatar?size=small&pid=18404&avatarId=29108,https://jira.footlocker.com/secure/projectavatar?size=xsmall&pid=18404&avatarId=29108,https://jira.footlocker.com/secure/projectavatar?size=medium&pid=18404&avatarId=29108,https://jira.footlocker.com/rest/api/2/projectCategory/10701,10701,Digital Technology,
"description,lead,url,projectKeys",https://jira.footlocker.com/rest/api/2/project/30100,30100,CHAT,404chatbot,software,False,https://jira.footlocker.com/secure/projectavatar?avatarId=13203,https://jira.footlocker.com/secure/projectavatar?size=small&avatarId=13203,https://jira.footlocker.com/secure/projectavatar?size=xsmall&avatarId=13203,https://jira.footlocker.com/secure/projectavatar?size=medium&avatarId=13203,,,,
"description,lead,url,projectKeys",https://jira.footlocker.com/rest/api/2/project/10103,10103,COMPRODUCT,48284 - Common Product,software,False,https://jira.footlocker.com/secure/projectavatar?pid=10103&avatarId=10209,https://jira.footlocker.com/secure/projectavatar?size=small&pid=10103&avatarId=10209,https://jira.footlocker.com/secure/projectavatar?size=xsmall&pid=10103&avatarId=10209,https://jira.footlocker.com/secure/projectavatar?size=medium&pid=10103&avatarId=10209,https://jira.footlocker.com/rest/api/2/projectCategory/10201,10201,Core Retail,
"description,lead,url,projectKeys",https://jira.footlocker.com/rest/api/2/project/29101,29101,AEMSC,Adobe AEM Sites Cloud Migration,software,False,https://jira.footlocker.com/secure/projectavatar?avatarId=13203,https://jira.footlocker.com/secure/projectavatar?size=small&avatarId=13203,https://jira.footlocker.com/secure/projectavatar?size=xsmall&avatarId=13203,https://jira.footlocker.com/secure/projectavatar?size=medium&avatarId=13203,,,,
"description,lead,url,projectKeys",https://jira.footlocker.com/rest/api/2/project/29900,29900,AWFM,APAC - WFM Platform Implementation ,software,False,https://jira.footlocker.com/secure/projectavatar?avatarId=13203,https://jira.footlocker.com/secure/projectavatar?size=small&avatarId=13203,https://jira.footlocker.com/secure/projectavatar?size=xsmall&avatarId=13203,https://jira.footlocker.com/secure/projectavatar?size=medium&avatarId=13203,,,,
"description,lead,url,projectKeys",https://jira.footlocker.com/rest/api/2/project/27701,27701,ADBT,APAC Digital Business Team,software,False,https://jira.footlocker.com/secure/projectavatar?avatarId=13203,https://jira.footlocker.com/secure/projectavatar?size=small&avatarId=13203,https://jira.footlocker.com/secure/projectavatar?size=xsmall&avatarId=13203,https://jira.footlocker.com/secure/projectavatar?size=medium&avatarId=13203,,,,
"description,lead,url,projectKeys",https://jira.footlocker.com/rest/api/2/project/18400,18400,AII2,APIGEE Initiative II,software,False,https://jira.footlocker.com/secure/projectavatar?avatarId=13203,https://jira.footlocker.com/secure/projectavatar?size=small&avatarId=13203,https://jira.footlocker.com/secure/projectavatar?size=xsmall&avatarId=13203,https://jira.footlocker.com/secure/projectavatar?size=medium&avatarId=13203,https://jira.footlocker.com/rest/api/2/projectCategory/10703,10703,Omni Engineering,
"description,lead,url,projectKeys",https://jira.footlocker.com/rest/api/2/project/18500,18500,AT,Architecture Team,software,False,https://jira.footlocker.com/secure/projectavatar?avatarId=13203,https://jira.footlocker.com/secure/projectavatar?size=small&avatarId=13203,https://jira.footlocker.com/secure/projectavatar?size=xsmall&avatarId=13203,https://jira.footlocker.com/secure/projectavatar?size=medium&avatarId=13203,https://jira.footlocker.com/rest/api/2/projectCategory/10702,10702,Technology Services,
"description,lead,url,projectKeys",https://jira.footlocker.com/rest/api/2/project/15900,15900,AU,Atlassian Upgrades,software,False,https://jira.footlocker.com/secure/projectavatar?avatarId=13203,https://jira.footlocker.com/secure/projectavatar?size=small&avatarId=13203,https://jira.footlocker.com/secure/projectavatar?size=xsmall&avatarId=13203,https://jira.footlocker.com/secure/projectavatar?size=medium&avatarId=13203,https://jira.footlocker.com/rest/api/2/projectCategory/10700,10700,PMO,
"description,lead,url,projectKeys",https://jira.footlocker.com/rest/api/2/project/13803,13803,BAE,Benefits Annual Enrollment,software,False,https://jira.footlocker.com/secure/projectavatar?pid=13803&avatarId=13205,https://jira.footlocker.com/secure/projectavatar?size=small&pid=13803&avatarId=13205,https://jira.footlocker.com/secure/projectavatar?size=xsmall&pid=13803&avatarId=13205,https://jira.footlocker.com/secure/projectavatar?size=medium&pid=13803&avatarId=13205,https://jira.footlocker.com/rest/api/2/projectCategory/10300,10300,Business,
"description,lead,url,projectKeys",https://jira.footlocker.com/rest/api/2/project/26400,26400,BOT,BOT Management,software,False,https://jira.footlocker.com/secure/projectavatar?avatarId=13203,https://jira.footlocker.com/secure/projectavatar?size=small&avatarId=13203,https://jira.footlocker.com/secure/projectavatar?size=xsmall&avatarId=13203,https://jira.footlocker.com/secure/projectavatar?size=medium&avatarId=13203,https://jira.footlocker.com/rest/api/2/projectCategory/10702,10702,Technology Services,
"description,lead,url,projectKeys",https://jira.footlocker.com/rest/api/2/project/19302,19302,BRWSE,BROWSE,software,False,https://jira.footlocker.com/secure/projectavatar?avatarId=13203,https://jira.footlocker.com/secure/projectavatar?size=small&avatarId=13203,https://jira.footlocker.com/secure/projectavatar?size=xsmall&avatarId=13203,https://jira.footlocker.com/secure/projectavatar?size=medium&avatarId=13203,https://jira.footlocker.com/rest/api/2/projectCategory/10703,10703,Omni Engineering,
"description,lead,url,projectKeys",https://jira.footlocker.com/rest/api/2/project/14208,14208,CHSC,Camp Hill Supply Chain,software,False,https://jira.footlocker.com/secure/projectavatar?avatarId=13203,https://jira.footlocker.com/secure/projectavatar?size=small&avatarId=13203,https://jira.footlocker.com/secure/projectavatar?size=xsmall&avatarId=13203,https://jira.footlocker.com/secure/projectavatar?size=medium&avatarId=13203,https://jira.footlocker.com/rest/api/2/projectCategory/10201,10201,Core Retail,
"description,lead,url,projectKeys",https://jira.footlocker.com/rest/api/2/project/26901,26901,CNC,Cart and Checkout,software,False,https://jira.footlocker.com/secure/projectavatar?pid=26901&avatarId=10011,https://jira.footlocker.com/secure/projectavatar?size=small&pid=26901&avatarId=10011,https://jira.footlocker.com/secure/projectavatar?size=xsmall&pid=26901&avatarId=10011,https://jira.footlocker.com/secure/projectavatar?size=medium&pid=26901&avatarId=10011,https://jira.footlocker.com/rest/api/2/projectCategory/10703,10703,Omni Engineering,
"description,lead,url,projectKeys",https://jira.footlocker.com/rest/api/2/project/15803,15803,CE,Cloud Engineering,software,False,https://jira.footlocker.com/secure/projectavatar?avatarId=13203,https://jira.footlocker.com/secure/projectavatar?size=small&avatarId=13203,https://jira.footlocker.com/secure/projectavatar?size=xsmall&avatarId=13203,https://jira.footlocker.com/secure/projectavatar?size=medium&avatarId=13203,https://jira.footlocker.com/rest/api/2/projectCategory/10201,10201,Core Retail,
"description,lead,url,projectKeys",https://jira.footlocker.com/rest/api/2/project/30501,30501,CPENG,Cloud Platform Engineering,software,False,https://jira.footlocker.com/secure/projectavatar?pid=30501&avatarId=10200,https://jira.footlocker.com/secure/projectavatar?size=small&pid=30501&avatarId=10200,https://jira.footlocker.com/secure/projectavatar?size=xsmall&pid=30501&avatarId=10200,https://jira.footlocker.com/secure/projectavatar?size=medium&pid=30501&avatarId=10200,,,,
"description,lead,url,projectKeys",https://jira.footlocker.com/rest/api/2/project/14409,14409,CCOE,COE,software,False,https://jira.footlocker.com/secure/projectavatar?pid=14409&avatarId=18605,https://jira.footlocker.com/secure/projectavatar?size=small&pid=14409&avatarId=18605,https://jira.footlocker.com/secure/projectavatar?size=xsmall&pid=14409&avatarId=18605,https://jira.footlocker.com/secure/projectavatar?size=medium&pid=14409&avatarId=18605,https://jira.footlocker.com/rest/api/2/projectCategory/10300,10300,Business,
"description,lead,url,projectKeys",https://jira.footlocker.com/rest/api/2/project/28600,28600,CSP,Commerce Services Platform,software,False,https://jira.footlocker.com/secure/projectavatar?avatarId=13203,https://jira.footlocker.com/secure/projectavatar?size=small&avatarId=13203,https://jira.footlocker.com/secure/projectavatar?size=xsmall&avatarId=13203,https://jira.footlocker.com/secure/projectavatar?size=medium&avatarId=13203,,,,
"description,lead,url,projectKeys",https://jira.footlocker.com/rest/api/2/project/18600,18600,CMST,Content Management System Team,software,False,https://jira.footlocker.com/secure/projectavatar?pid=18600&avatarId=21412,https://jira.footlocker.com/secure/projectavatar?size=small&pid=18600&avatarId=21412,https://jira.footlocker.com/secure/projectavatar?size=xsmall&pid=18600&avatarId=21412,https://jira.footlocker.com/secure/projectavatar?size=medium&pid=18600&avatarId=21412,https://jira.footlocker.com/rest/api/2/projectCategory/10701,10701,Digital Technology,
"description,lead,url,projectKeys",https://jira.footlocker.com/rest/api/2/project/16205,16205,CROHR,Core Retail - Operate HR,software,False,https://jira.footlocker.com/secure/projectavatar?avatarId=13203,https://jira.footlocker.com/secure/projectavatar?size=small&avatarId=13203,https://jira.footlocker.com/secure/projectavatar?size=xsmall&avatarId=13203,https://jira.footlocker.com/secure/projectavatar?size=medium&avatarId=13203,https://jira.footlocker.com/rest/api/2/projectCategory/10201,10201,Core Retail,
"description,lead,url,projectKeys",https://jira.footlocker.com/rest/api/2/project/20201,20201,CROPS,Core Retail Operations,software,False,https://jira.footlocker.com/secure/projectavatar?pid=20201&avatarId=13212,https://jira.footlocker.com/secure/projectavatar?size=small&pid=20201&avatarId=13212,https://jira.footlocker.com/secure/projectavatar?size=xsmall&pid=20201&avatarId=13212,https://jira.footlocker.com/secure/projectavatar?size=medium&pid=20201&avatarId=13212,https://jira.footlocker.com/rest/api/2/projectCategory/10201,10201,Core Retail,
"description,lead,url,projectKeys",https://jira.footlocker.com/rest/api/2/project/28400,28400,COBUSS,Corporate Business Systems,software,False,https://jira.footlocker.com/secure/projectavatar?avatarId=13203,https://jira.footlocker.com/secure/projectavatar?size=small&avatarId=13203,https://jira.footlocker.com/secure/projectavatar?size=xsmall&avatarId=13203,https://jira.footlocker.com/secure/projectavatar?size=medium&avatarId=13203,,,,
"description,lead,url,projectKeys",https://jira.footlocker.com/rest/api/2/project/28901,28901,CEA,Crossover EA,software,False,https://jira.footlocker.com/secure/projectavatar?avatarId=13203,https://jira.footlocker.com/secure/projectavatar?size=small&avatarId=13203,https://jira.footlocker.com/secure/projectavatar?size=xsmall&avatarId=13203,https://jira.footlocker.com/secure/projectavatar?size=medium&avatarId=13203,,,,
"description,lead,url,projectKeys",https://jira.footlocker.com/rest/api/2/project/14403,14403,CCL,Customer Care Leadership,software,False,https://jira.footlocker.com/secure/projectavatar?avatarId=13203,https://jira.footlocker.com/secure/projectavatar?size=small&avatarId=13203,https://jira.footlocker.com/secure/projectavatar?size=xsmall&avatarId=13203,https://jira.footlocker.com/secure/projectavatar?size=medium&avatarId=13203,https://jira.footlocker.com/rest/api/2/projectCategory/10300,10300,Business,
"description,lead,url,projectKeys",https://jira.footlocker.com/rest/api/2/project/21301,21301,CEO,Customer Experience Online,software,False,https://jira.footlocker.com/secure/projectavatar?avatarId=13203,https://jira.footlocker.com/secure/projectavatar?size=small&avatarId=13203,https://jira.footlocker.com/secure/projectavatar?size=xsmall&avatarId=13203,https://jira.footlocker.com/secure/projectavatar?size=medium&avatarId=13203,https://jira.footlocker.com/rest/api/2/projectCategory/10701,10701,Digital Technology,
"description,lead,url,projectKeys",https://jira.footlocker.com/rest/api/2/project/21001,21001,CSZI,Customer Service - Zendesk Integration,software,False,https://jira.footlocker.com/secure/projectavatar?avatarId=13203,https://jira.footlocker.com/secure/projectavatar?size=small&avatarId=13203,https://jira.footlocker.com/secure/projectavatar?size=xsmall&avatarId=13203,https://jira.footlocker.com/secure/projectavatar?size=medium&avatarId=13203,https://jira.footlocker.com/rest/api/2/projectCategory/10300,10300,Business,
"description,lead,url,projectKeys",https://jira.footlocker.com/rest/api/2/project/21501,21501,CXCD,CX Content Delivery,software,False,https://jira.footlocker.com/secure/projectavatar?avatarId=13203,https://jira.footlocker.com/secure/projectavatar?size=small&avatarId=13203,https://jira.footlocker.com/secure/projectavatar?size=xsmall&avatarId=13203,https://jira.footlocker.com/secure/projectavatar?size=medium&avatarId=13203,https://jira.footlocker.com/rest/api/2/projectCategory/10702,10702,Technology Services,
"description,lead,url,projectKeys",https://jira.footlocker.com/rest/api/2/project/25300,25300,INTEL,Cyber Threat Intelligence and Vulnerability Management,software,False,https://jira.footlocker.com/secure/projectavatar?pid=25300&avatarId=45200,https://jira.footlocker.com/secure/projectavatar?size=small&pid=25300&avatarId=45200,https://jira.footlocker.com/secure/projectavatar?size=xsmall&pid=25300&avatarId=45200,https://jira.footlocker.com/secure/projectavatar?size=medium&pid=25300&avatarId=45200,https://jira.footlocker.com/rest/api/2/projectCategory/10108,10108,Security,Security
"description,lead,url,projectKeys",https://jira.footlocker.com/rest/api/2/project/23000,23000,CLAIMS,Daily Claims,software,False,https://jira.footlocker.com/secure/projectavatar?avatarId=13203,https://jira.footlocker.com/secure/projectavatar?size=small&avatarId=13203,https://jira.footlocker.com/secure/projectavatar?size=xsmall&avatarId=13203,https://jira.footlocker.com/secure/projectavatar?size=medium&avatarId=13203,https://jira.footlocker.com/rest/api/2/projectCategory/10300,10300,Business,
"description,lead,url,projectKeys",https://jira.footlocker.com/rest/api/2/project/24300,24300,DNA,Data and Analytics,software,False,https://jira.footlocker.com/secure/projectavatar?pid=24300&avatarId=34600,https://jira.footlocker.com/secure/projectavatar?size=small&pid=24300&avatarId=34600,https://jira.footlocker.com/secure/projectavatar?size=xsmall&pid=24300&avatarId=34600,https://jira.footlocker.com/secure/projectavatar?size=medium&pid=24300&avatarId=34600,https://jira.footlocker.com/rest/api/2/projectCategory/10105,10105,Data,Business Intelligence
"description,lead,url,projectKeys",https://jira.footlocker.com/rest/api/2/project/12400,12400,DI,Data Intake,software,False,https://jira.footlocker.com/secure/projectavatar?avatarId=13203,https://jira.footlocker.com/secure/projectavatar?size=small&avatarId=13203,https://jira.footlocker.com/secure/projectavatar?size=xsmall&avatarId=13203,https://jira.footlocker.com/secure/projectavatar?size=medium&avatarId=13203,https://jira.footlocker.com/rest/api/2/projectCategory/10105,10105,Data,Business Intelligence
"description,lead,url,projectKeys",https://jira.footlocker.com/rest/api/2/project/15403,15403,DP,Data Projects,software,False,https://jira.footlocker.com/secure/projectavatar?avatarId=13203,https://jira.footlocker.com/secure/projectavatar?size=small&avatarId=13203,https://jira.footlocker.com/secure/projectavatar?size=xsmall&avatarId=13203,https://jira.footlocker.com/secure/projectavatar?size=medium&avatarId=13203,https://jira.footlocker.com/rest/api/2/projectCategory/10105,10105,Data,Business Intelligence
"description,lead,url,projectKeys",https://jira.footlocker.com/rest/api/2/project/16900,16900,DCTEU,DCTEU,software,False,https://jira.footlocker.com/secure/projectavatar?pid=16900&avatarId=21420,https://jira.footlocker.com/secure/projectavatar?size=small&pid=16900&avatarId=21420,https://jira.footlocker.com/secure/projectavatar?size=xsmall&pid=16900&avatarId=21420,https://jira.footlocker.com/secure/projectavatar?size=medium&pid=16900&avatarId=21420,https://jira.footlocker.com/rest/api/2/projectCategory/10703,10703,Omni Engineering,
"description,lead,url,projectKeys",https://jira.footlocker.com/rest/api/2/project/22900,22900,DCTINT,DCTINT,software,False,https://jira.footlocker.com/secure/projectavatar?avatarId=13203,https://jira.footlocker.com/secure/projectavatar?size=small&avatarId=13203,https://jira.footlocker.com/secure/projectavatar?size=xsmall&avatarId=13203,https://jira.footlocker.com/secure/projectavatar?size=medium&avatarId=13203,https://jira.footlocker.com/rest/api/2/projectCategory/10703,10703,Omni Engineering,
"description,lead,url,projectKeys",https://jira.footlocker.com/rest/api/2/project/12508,12508,DCTOM,DCTOMS,software,False,https://jira.footlocker.com/secure/projectavatar?pid=12508&avatarId=27109,https://jira.footlocker.com/secure/projectavatar?size=small&pid=12508&avatarId=27109,https://jira.footlocker.com/secure/projectavatar?size=xsmall&pid=12508&avatarId=27109,https://jira.footlocker.com/secure/projectavatar?size=medium&pid=12508&avatarId=27109,https://jira.footlocker.com/rest/api/2/projectCategory/10703,10703,Omni Engineering,
"description,lead,url,projectKeys",https://jira.footlocker.com/rest/api/2/project/28100,28100,DWP,Deloitte Web Pod,software,False,https://jira.footlocker.com/secure/projectavatar?avatarId=13203,https://jira.footlocker.com/secure/projectavatar?size=small&avatarId=13203,https://jira.footlocker.com/secure/projectavatar?size=xsmall&avatarId=13203,https://jira.footlocker.com/secure/projectavatar?size=medium&avatarId=13203,,,,
"description,lead,url,projectKeys",https://jira.footlocker.com/rest/api/2/project/28300,28300,DAAS,Device as a Service,software,False,https://jira.footlocker.com/secure/projectavatar?avatarId=13203,https://jira.footlocker.com/secure/projectavatar?size=small&avatarId=13203,https://jira.footlocker.com/secure/projectavatar?size=xsmall&avatarId=13203,https://jira.footlocker.com/secure/projectavatar?size=medium&avatarId=13203,,,,
"description,lead,url,projectKeys",https://jira.footlocker.com/rest/api/2/project/27400,27400,DPE,DevProdEng,software,False,https://jira.footlocker.com/secure/projectavatar?avatarId=13203,https://jira.footlocker.com/secure/projectavatar?size=small&avatarId=13203,https://jira.footlocker.com/secure/projectavatar?size=xsmall&avatarId=13203,https://jira.footlocker.com/secure/projectavatar?size=medium&avatarId=13203,https://jira.footlocker.com/rest/api/2/projectCategory/10701,10701,Digital Technology,
"description,lead,url,projectKeys",https://jira.footlocker.com/rest/api/2/project/15402,15402,DD,Digital Development ,software,False,https://jira.footlocker.com/secure/projectavatar?avatarId=13203,https://jira.footlocker.com/secure/projectavatar?size=small&avatarId=13203,https://jira.footlocker.com/secure/projectavatar?size=xsmall&avatarId=13203,https://jira.footlocker.com/secure/projectavatar?size=medium&avatarId=13203,https://jira.footlocker.com/rest/api/2/projectCategory/10701,10701,Digital Technology,
"description,lead,url,projectKeys",https://jira.footlocker.com/rest/api/2/project/29200,29200,DPT,Digital Performance Team,software,False,https://jira.footlocker.com/secure/projectavatar?avatarId=13203,https://jira.footlocker.com/secure/projectavatar?size=small&avatarId=13203,https://jira.footlocker.com/secure/projectavatar?size=xsmall&avatarId=13203,https://jira.footlocker.com/secure/projectavatar?size=medium&avatarId=13203,,,,
"description,lead,url,projectKeys",https://jira.footlocker.com/rest/api/2/project/14402,14402,DWE,Digital Workplace Engineering,software,False,https://jira.footlocker.com/secure/projectavatar?avatarId=13203,https://jira.footlocker.com/secure/projectavatar?size=small&avatarId=13203,https://jira.footlocker.com/secure/projectavatar?size=xsmall&avatarId=13203,https://jira.footlocker.com/secure/projectavatar?size=medium&avatarId=13203,https://jira.footlocker.com/rest/api/2/projectCategory/10702,10702,Technology Services,
"description,lead,url,projectKeys",https://jira.footlocker.com/rest/api/2/project/28200,28200,DR,Disaster Recovery,software,False,https://jira.footlocker.com/secure/projectavatar?avatarId=13203,https://jira.footlocker.com/secure/projectavatar?size=small&avatarId=13203,https://jira.footlocker.com/secure/projectavatar?size=xsmall&avatarId=13203,https://jira.footlocker.com/secure/projectavatar?size=medium&avatarId=13203,,,,
"description,lead,url,projectKeys",https://jira.footlocker.com/rest/api/2/project/28500,28500,DOM,Distributed Order Management,software,False,https://jira.footlocker.com/secure/projectavatar?avatarId=13203,https://jira.footlocker.com/secure/projectavatar?size=small&avatarId=13203,https://jira.footlocker.com/secure/projectavatar?size=xsmall&avatarId=13203,https://jira.footlocker.com/secure/projectavatar?size=medium&avatarId=13203,,,,
"description,lead,url,projectKeys",https://jira.footlocker.com/rest/api/2/project/30500,30500,DOMSIT,DOMSIT,software,False,https://jira.footlocker.com/secure/projectavatar?avatarId=13203,https://jira.footlocker.com/secure/projectavatar?size=small&avatarId=13203,https://jira.footlocker.com/secure/projectavatar?size=xsmall&avatarId=13203,https://jira.footlocker.com/secure/projectavatar?size=medium&avatarId=13203,,,,
"description,lead,url,projectKeys",https://jira.footlocker.com/rest/api/2/project/31100,31100,DOMUAT,DOMUAT,software,False,https://jira.footlocker.com/secure/projectavatar?avatarId=13203,https://jira.footlocker.com/secure/projectavatar?size=small&avatarId=13203,https://jira.footlocker.com/secure/projectavatar?size=xsmall&avatarId=13203,https://jira.footlocker.com/secure/projectavatar?size=medium&avatarId=13203,,,,
"description,lead,url,projectKeys",https://jira.footlocker.com/rest/api/2/project/25200,25200,SII,DSPI-AC (SKU Induction),software,False,https://jira.footlocker.com/secure/projectavatar?avatarId=13203,https://jira.footlocker.com/secure/projectavatar?size=small&avatarId=13203,https://jira.footlocker.com/secure/projectavatar?size=xsmall&avatarId=13203,https://jira.footlocker.com/secure/projectavatar?size=medium&avatarId=13203,https://jira.footlocker.com/rest/api/2/projectCategory/10201,10201,Core Retail,
"description,lead,url,projectKeys",https://jira.footlocker.com/rest/api/2/project/27300,27300,EADEVOPS,EA DevOps,software,False,https://jira.footlocker.com/secure/projectavatar?pid=27300&avatarId=39804,https://jira.footlocker.com/secure/projectavatar?size=small&pid=27300&avatarId=39804,https://jira.footlocker.com/secure/projectavatar?size=xsmall&pid=27300&avatarId=39804,https://jira.footlocker.com/secure/projectavatar?size=medium&pid=27300&avatarId=39804,https://jira.footlocker.com/rest/api/2/projectCategory/10201,10201,Core Retail,
"description,lead,url,projectKeys",https://jira.footlocker.com/rest/api/2/project/30300,30300,EAFIN,EA FINANCE,software,False,https://jira.footlocker.com/secure/projectavatar?avatarId=13203,https://jira.footlocker.com/secure/projectavatar?size=small&avatarId=13203,https://jira.footlocker.com/secure/projectavatar?size=xsmall&avatarId=13203,https://jira.footlocker.com/secure/projectavatar?size=medium&avatarId=13203,,,,
"description,lead,url,projectKeys",https://jira.footlocker.com/rest/api/2/project/30600,30600,ESB,EA Sales and Banking,software,False,https://jira.footlocker.com/secure/projectavatar?avatarId=13203,https://jira.footlocker.com/secure/projectavatar?size=small&avatarId=13203,https://jira.footlocker.com/secure/projectavatar?size=xsmall&avatarId=13203,https://jira.footlocker.com/secure/projectavatar?size=medium&avatarId=13203,,,,
"description,lead,url,projectKeys",https://jira.footlocker.com/rest/api/2/project/29800,29800,EWFM,EMEA - WFM Platform Implementation ,software,False,https://jira.footlocker.com/secure/projectavatar?avatarId=13203,https://jira.footlocker.com/secure/projectavatar?size=small&avatarId=13203,https://jira.footlocker.com/secure/projectavatar?size=xsmall&avatarId=13203,https://jira.footlocker.com/secure/projectavatar?size=medium&avatarId=13203,,,,
"description,lead,url,projectKeys",https://jira.footlocker.com/rest/api/2/project/29400,29400,EUS,End User Services,software,False,https://jira.footlocker.com/secure/projectavatar?avatarId=13203,https://jira.footlocker.com/secure/projectavatar?size=small&avatarId=13203,https://jira.footlocker.com/secure/projectavatar?size=xsmall&avatarId=13203,https://jira.footlocker.com/secure/projectavatar?size=medium&avatarId=13203,,,,
"description,lead,url,projectKeys",https://jira.footlocker.com/rest/api/2/project/27600,27600,EVM,Engineering Vulnerability Management,software,False,https://jira.footlocker.com/secure/projectavatar?avatarId=13203,https://jira.footlocker.com/secure/projectavatar?size=small&avatarId=13203,https://jira.footlocker.com/secure/projectavatar?size=xsmall&avatarId=13203,https://jira.footlocker.com/secure/projectavatar?size=medium&avatarId=13203,,,,
"description,lead,url,projectKeys",https://jira.footlocker.com/rest/api/2/project/26600,26600,EA,Enterprise Architecture,software,False,https://jira.footlocker.com/secure/projectavatar?pid=26600&avatarId=44202,https://jira.footlocker.com/secure/projectavatar?size=small&pid=26600&avatarId=44202,https://jira.footlocker.com/secure/projectavatar?size=xsmall&pid=26600&avatarId=44202,https://jira.footlocker.com/secure/projectavatar?size=medium&pid=26600&avatarId=44202,https://jira.footlocker.com/rest/api/2/projectCategory/10702,10702,Technology Services,
"description,lead,url,projectKeys",https://jira.footlocker.com/rest/api/2/project/31000,31000,ENT,Enterprise Architecture.,software,False,https://jira.footlocker.com/secure/projectavatar?avatarId=13203,https://jira.footlocker.com/secure/projectavatar?size=small&avatarId=13203,https://jira.footlocker.com/secure/projectavatar?size=xsmall&avatarId=13203,https://jira.footlocker.com/secure/projectavatar?size=medium&avatarId=13203,,,,
"description,lead,url,projectKeys",https://jira.footlocker.com/rest/api/2/project/24400,24400,EUCF,EU Cross Functional,software,False,https://jira.footlocker.com/secure/projectavatar?pid=24400&avatarId=10010,https://jira.footlocker.com/secure/projectavatar?size=small&pid=24400&avatarId=10010,https://jira.footlocker.com/secure/projectavatar?size=xsmall&pid=24400&avatarId=10010,https://jira.footlocker.com/secure/projectavatar?size=medium&pid=24400&avatarId=10010,https://jira.footlocker.com/rest/api/2/projectCategory/10300,10300,Business,
"description,lead,url,projectKeys",https://jira.footlocker.com/rest/api/2/project/13500,13500,LOGISTICS,Europe IS&T Logistics,software,False,https://jira.footlocker.com/secure/projectavatar?pid=13500&avatarId=10201,https://jira.footlocker.com/secure/projectavatar?size=small&pid=13500&avatarId=10201,https://jira.footlocker.com/secure/projectavatar?size=xsmall&pid=13500&avatarId=10201,https://jira.footlocker.com/secure/projectavatar?size=medium&pid=13500&avatarId=10201,https://jira.footlocker.com/rest/api/2/projectCategory/10201,10201,Core Retail,
"description,lead,url,projectKeys",https://jira.footlocker.com/rest/api/2/project/25900,25900,EXV,EXV,software,False,https://jira.footlocker.com/secure/projectavatar?pid=25900&avatarId=10011,https://jira.footlocker.com/secure/projectavatar?size=small&pid=25900&avatarId=10011,https://jira.footlocker.com/secure/projectavatar?size=xsmall&pid=25900&avatarId=10011,https://jira.footlocker.com/secure/projectavatar?size=medium&pid=25900&avatarId=10011,https://jira.footlocker.com/rest/api/2/projectCategory/10701,10701,Digital Technology,
"description,lead,url,projectKeys",https://jira.footlocker.com/rest/api/2/project/20200,20200,FEQA,FEQA,software,False,https://jira.footlocker.com/secure/projectavatar?avatarId=13203,https://jira.footlocker.com/secure/projectavatar?size=small&avatarId=13203,https://jira.footlocker.com/secure/projectavatar?size=xsmall&avatarId=13203,https://jira.footlocker.com/secure/projectavatar?size=medium&avatarId=13203,https://jira.footlocker.com/rest/api/2/projectCategory/10701,10701,Digital Technology,
"description,lead,url,projectKeys",https://jira.footlocker.com/rest/api/2/project/12204,12204,FLDBA,FL - DBA,software,False,https://jira.footlocker.com/secure/projectavatar?pid=12204&avatarId=10207,https://jira.footlocker.com/secure/projectavatar?size=small&pid=12204&avatarId=10207,https://jira.footlocker.com/secure/projectavatar?size=xsmall&pid=12204&avatarId=10207,https://jira.footlocker.com/secure/projectavatar?size=medium&pid=12204&avatarId=10207,https://jira.footlocker.com/rest/api/2/projectCategory/10702,10702,Technology Services,
"description,lead,url,projectKeys",https://jira.footlocker.com/rest/api/2/project/25901,25901,FLINV,FL Inventory,software,False,https://jira.footlocker.com/secure/projectavatar?pid=25901&avatarId=27109,https://jira.footlocker.com/secure/projectavatar?size=small&pid=25901&avatarId=27109,https://jira.footlocker.com/secure/projectavatar?size=xsmall&pid=25901&avatarId=27109,https://jira.footlocker.com/secure/projectavatar?size=medium&pid=25901&avatarId=27109,https://jira.footlocker.com/rest/api/2/projectCategory/10201,10201,Core Retail,
"description,lead,url,projectKeys",https://jira.footlocker.com/rest/api/2/project/25701,25701,FLAIR,FLAIR,software,False,https://jira.footlocker.com/secure/projectavatar?avatarId=13203,https://jira.footlocker.com/secure/projectavatar?size=small&avatarId=13203,https://jira.footlocker.com/secure/projectavatar?size=xsmall&avatarId=13203,https://jira.footlocker.com/secure/projectavatar?size=medium&avatarId=13203,https://jira.footlocker.com/rest/api/2/projectCategory/10705,10705,AI / Automation,
"description,lead,url,projectKeys",https://jira.footlocker.com/rest/api/2/project/19300,19300,FLAPI,FLAPI ,software,False,https://jira.footlocker.com/secure/projectavatar?avatarId=13203,https://jira.footlocker.com/secure/projectavatar?size=small&avatarId=13203,https://jira.footlocker.com/secure/projectavatar?size=xsmall&avatarId=13203,https://jira.footlocker.com/secure/projectavatar?size=medium&avatarId=13203,https://jira.footlocker.com/rest/api/2/projectCategory/10703,10703,Omni Engineering,
"description,lead,url,projectKeys",https://jira.footlocker.com/rest/api/2/project/24602,24602,FLXFR,FLX Foundation Rework (Proj-1777),software,False,https://jira.footlocker.com/secure/projectavatar?avatarId=13203,https://jira.footlocker.com/secure/projectavatar?size=small&avatarId=13203,https://jira.footlocker.com/secure/projectavatar?size=xsmall&avatarId=13203,https://jira.footlocker.com/secure/projectavatar?size=medium&avatarId=13203,https://jira.footlocker.com/rest/api/2/projectCategory/10701,10701,Digital Technology,
"description,lead,url,projectKeys",https://jira.footlocker.com/rest/api/2/project/24601,24601,FLXME,FLX Market Expansion (Proj-1776),software,False,https://jira.footlocker.com/secure/projectavatar?avatarId=13203,https://jira.footlocker.com/secure/projectavatar?size=small&avatarId=13203,https://jira.footlocker.com/secure/projectavatar?size=xsmall&avatarId=13203,https://jira.footlocker.com/secure/projectavatar?size=medium&avatarId=13203,https://jira.footlocker.com/rest/api/2/projectCategory/10701,10701,Digital Technology,
"description,lead,url,projectKeys",https://jira.footlocker.com/rest/api/2/project/23601,23601,FLXP,FLX Program,software,False,https://jira.footlocker.com/secure/projectavatar?avatarId=13203,https://jira.footlocker.com/secure/projectavatar?size=small&avatarId=13203,https://jira.footlocker.com/secure/projectavatar?size=xsmall&avatarId=13203,https://jira.footlocker.com/secure/projectavatar?size=medium&avatarId=13203,https://jira.footlocker.com/rest/api/2/projectCategory/10300,10300,Business,
"description,lead,url,projectKeys",https://jira.footlocker.com/rest/api/2/project/22000,22000,FED,Front End Development Team,software,False,https://jira.footlocker.com/secure/projectavatar?avatarId=13203,https://jira.footlocker.com/secure/projectavatar?size=small&avatarId=13203,https://jira.footlocker.com/secure/projectavatar?size=xsmall&avatarId=13203,https://jira.footlocker.com/secure/projectavatar?size=medium&avatarId=13203,https://jira.footlocker.com/rest/api/2/projectCategory/10701,10701,Digital Technology,
"description,lead,url,projectKeys",https://jira.footlocker.com/rest/api/2/project/27100,27100,GCPM,GCP-Migration,software,False,https://jira.footlocker.com/secure/projectavatar?avatarId=13203,https://jira.footlocker.com/secure/projectavatar?size=small&avatarId=13203,https://jira.footlocker.com/secure/projectavatar?size=xsmall&avatarId=13203,https://jira.footlocker.com/secure/projectavatar?size=medium&avatarId=13203,https://jira.footlocker.com/rest/api/2/projectCategory/10701,10701,Digital Technology,
"description,lead,url,projectKeys",https://jira.footlocker.com/rest/api/2/project/30900,30900,AUTOPS,Global Automation Operations,software,False,https://jira.footlocker.com/secure/projectavatar?avatarId=13203,https://jira.footlocker.com/secure/projectavatar?size=small&avatarId=13203,https://jira.footlocker.com/secure/projectavatar?size=xsmall&avatarId=13203,https://jira.footlocker.com/secure/projectavatar?size=medium&avatarId=13203,https://jira.footlocker.com/rest/api/2/projectCategory/10201,10201,Core Retail,
"description,lead,url,projectKeys",https://jira.footlocker.com/rest/api/2/project/30800,30800,INTOPS,Global Integration Operations,software,False,https://jira.footlocker.com/secure/projectavatar?avatarId=13203,https://jira.footlocker.com/secure/projectavatar?size=small&avatarId=13203,https://jira.footlocker.com/secure/projectavatar?size=xsmall&avatarId=13203,https://jira.footlocker.com/secure/projectavatar?size=medium&avatarId=13203,https://jira.footlocker.com/rest/api/2/projectCategory/10201,10201,Core Retail,
"description,lead,url,projectKeys",https://jira.footlocker.com/rest/api/2/project/28902,28902,GOBEIP,Global On/Off Boarding-Corp Employees Improvement' (Project-2060),software,False,https://jira.footlocker.com/secure/projectavatar?avatarId=13203,https://jira.footlocker.com/secure/projectavatar?size=small&avatarId=13203,https://jira.footlocker.com/secure/projectavatar?size=xsmall&avatarId=13203,https://jira.footlocker.com/secure/projectavatar?size=medium&avatarId=13203,,,,
"description,lead,url,projectKeys",https://jira.footlocker.com/rest/api/2/project/29600,29600,ICOE,ICOE,software,False,https://jira.footlocker.com/secure/projectavatar?avatarId=13203,https://jira.footlocker.com/secure/projectavatar?size=small&avatarId=13203,https://jira.footlocker.com/secure/projectavatar?size=xsmall&avatarId=13203,https://jira.footlocker.com/secure/projectavatar?size=medium&avatarId=13203,,,,
"description,lead,url,projectKeys",https://jira.footlocker.com/rest/api/2/project/27200,27200,IL,Integration Layer,software,False,https://jira.footlocker.com/secure/projectavatar?pid=27200&avatarId=13204,https://jira.footlocker.com/secure/projectavatar?size=small&pid=27200&avatarId=13204,https://jira.footlocker.com/secure/projectavatar?size=xsmall&pid=27200&avatarId=13204,https://jira.footlocker.com/secure/projectavatar?size=medium&pid=27200&avatarId=13204,https://jira.footlocker.com/rest/api/2/projectCategory/10108,10108,Security,Security
"description,lead,url,projectKeys",https://jira.footlocker.com/rest/api/2/project/22100,22100,INV,Inventory,software,False,https://jira.footlocker.com/secure/projectavatar?pid=22100&avatarId=29100,https://jira.footlocker.com/secure/projectavatar?size=small&pid=22100&avatarId=29100,https://jira.footlocker.com/secure/projectavatar?size=xsmall&pid=22100&avatarId=29100,https://jira.footlocker.com/secure/projectavatar?size=medium&pid=22100&avatarId=29100,https://jira.footlocker.com/rest/api/2/projectCategory/10201,10201,Core Retail,
"description,lead,url,projectKeys",https://jira.footlocker.com/rest/api/2/project/16803,16803,AUTO,IT Automation and Tools Engineering,software,False,https://jira.footlocker.com/secure/projectavatar?pid=16803&avatarId=10207,https://jira.footlocker.com/secure/projectavatar?size=small&pid=16803&avatarId=10207,https://jira.footlocker.com/secure/projectavatar?size=xsmall&pid=16803&avatarId=10207,https://jira.footlocker.com/secure/projectavatar?size=medium&pid=16803&avatarId=10207,https://jira.footlocker.com/rest/api/2/projectCategory/10702,10702,Technology Services,
"description,lead,url,projectKeys",https://jira.footlocker.com/rest/api/2/project/11301,11301,RESO,Launch Reservation App,software,False,https://jira.footlocker.com/secure/projectavatar?pid=11301&avatarId=15605,https://jira.footlocker.com/secure/projectavatar?size=small&pid=11301&avatarId=15605,https://jira.footlocker.com/secure/projectavatar?size=xsmall&pid=11301&avatarId=15605,https://jira.footlocker.com/secure/projectavatar?size=medium&pid=11301&avatarId=15605,https://jira.footlocker.com/rest/api/2/projectCategory/10701,10701,Digital Technology,
"description,lead,url,projectKeys",https://jira.footlocker.com/rest/api/2/project/26101,26101,MARTECH,MARTECH,software,False,https://jira.footlocker.com/secure/projectavatar?avatarId=13203,https://jira.footlocker.com/secure/projectavatar?size=small&avatarId=13203,https://jira.footlocker.com/secure/projectavatar?size=xsmall&avatarId=13203,https://jira.footlocker.com/secure/projectavatar?size=medium&avatarId=13203,https://jira.footlocker.com/rest/api/2/projectCategory/10701,10701,Digital Technology,
"description,lead,url,projectKeys",https://jira.footlocker.com/rest/api/2/project/30000,30000,HAPS,MAWM HAPS,software,False,https://jira.footlocker.com/secure/projectavatar?pid=30000&avatarId=43800,https://jira.footlocker.com/secure/projectavatar?size=small&pid=30000&avatarId=43800,https://jira.footlocker.com/secure/projectavatar?size=xsmall&pid=30000&avatarId=43800,https://jira.footlocker.com/secure/projectavatar?size=medium&pid=30000&avatarId=43800,,,,
"description,lead,url,projectKeys",https://jira.footlocker.com/rest/api/2/project/29700,29700,MA,Media Analytics,software,False,https://jira.footlocker.com/secure/projectavatar?avatarId=13203,https://jira.footlocker.com/secure/projectavatar?size=small&avatarId=13203,https://jira.footlocker.com/secure/projectavatar?size=xsmall&avatarId=13203,https://jira.footlocker.com/secure/projectavatar?size=medium&avatarId=13203,,,,
"description,lead,url,projectKeys",https://jira.footlocker.com/rest/api/2/project/22601,22601,MEMBR,Membership,software,False,https://jira.footlocker.com/secure/projectavatar?avatarId=13203,https://jira.footlocker.com/secure/projectavatar?size=small&avatarId=13203,https://jira.footlocker.com/secure/projectavatar?size=xsmall&avatarId=13203,https://jira.footlocker.com/secure/projectavatar?size=medium&avatarId=13203,https://jira.footlocker.com/rest/api/2/projectCategory/10703,10703,Omni Engineering,
"description,lead,url,projectKeys",https://jira.footlocker.com/rest/api/2/project/19604,19604,MERCH,Merchandising,software,False,https://jira.footlocker.com/secure/projectavatar?pid=19604&avatarId=10010,https://jira.footlocker.com/secure/projectavatar?size=small&pid=19604&avatarId=10010,https://jira.footlocker.com/secure/projectavatar?size=xsmall&pid=19604&avatarId=10010,https://jira.footlocker.com/secure/projectavatar?size=medium&pid=19604&avatarId=10010,https://jira.footlocker.com/rest/api/2/projectCategory/10201,10201,Core Retail,
"description,lead,url,projectKeys",https://jira.footlocker.com/rest/api/2/project/27900,27900,M365G,Microsoft 365 Governance,software,False,https://jira.footlocker.com/secure/projectavatar?avatarId=13203,https://jira.footlocker.com/secure/projectavatar?size=small&avatarId=13203,https://jira.footlocker.com/secure/projectavatar?size=xsmall&avatarId=13203,https://jira.footlocker.com/secure/projectavatar?size=medium&avatarId=13203,,,,
"description,lead,url,projectKeys",https://jira.footlocker.com/rest/api/2/project/12004,12004,MAD,Mobile App Dev,software,False,https://jira.footlocker.com/secure/projectavatar?pid=12004&avatarId=10208,https://jira.footlocker.com/secure/projectavatar?size=small&pid=12004&avatarId=10208,https://jira.footlocker.com/secure/projectavatar?size=xsmall&pid=12004&avatarId=10208,https://jira.footlocker.com/secure/projectavatar?size=medium&pid=12004&avatarId=10208,https://jira.footlocker.com/rest/api/2/projectCategory/10703,10703,Omni Engineering,
"description,lead,url,projectKeys",https://jira.footlocker.com/rest/api/2/project/28800,28800,MAVEN,Mobile Application Visual Enhancement Navigation,software,False,https://jira.footlocker.com/secure/projectavatar?pid=28800&avatarId=10204,https://jira.footlocker.com/secure/projectavatar?size=small&pid=28800&avatarId=10204,https://jira.footlocker.com/secure/projectavatar?size=xsmall&pid=28800&avatarId=10204,https://jira.footlocker.com/secure/projectavatar?size=medium&pid=28800&avatarId=10204,,,,
"description,lead,url,projectKeys",https://jira.footlocker.com/rest/api/2/project/29902,29902,NS,Network Services,software,False,https://jira.footlocker.com/secure/projectavatar?avatarId=13203,https://jira.footlocker.com/secure/projectavatar?size=small&avatarId=13203,https://jira.footlocker.com/secure/projectavatar?size=xsmall&avatarId=13203,https://jira.footlocker.com/secure/projectavatar?size=medium&avatarId=13203,,,,
"description,lead,url,projectKeys",https://jira.footlocker.com/rest/api/2/project/25702,25702,OEPORT,Omni Engineering Portfolio,software,False,https://jira.footlocker.com/secure/projectavatar?avatarId=13203,https://jira.footlocker.com/secure/projectavatar?size=small&avatarId=13203,https://jira.footlocker.com/secure/projectavatar?size=xsmall&avatarId=13203,https://jira.footlocker.com/secure/projectavatar?size=medium&avatarId=13203,https://jira.footlocker.com/rest/api/2/projectCategory/10703,10703,Omni Engineering,
"description,lead,url,projectKeys",https://jira.footlocker.com/rest/api/2/project/27103,27103,FLXO,Owned Media Projects,software,False,https://jira.footlocker.com/secure/projectavatar?avatarId=13203,https://jira.footlocker.com/secure/projectavatar?size=small&avatarId=13203,https://jira.footlocker.com/secure/projectavatar?size=xsmall&avatarId=13203,https://jira.footlocker.com/secure/projectavatar?size=medium&avatarId=13203,https://jira.footlocker.com/rest/api/2/projectCategory/10300,10300,Business,
"description,lead,url,projectKeys",https://jira.footlocker.com/rest/api/2/project/18900,18900,PTF,Payments-Tax-Fraud,software,False,https://jira.footlocker.com/secure/projectavatar?avatarId=13203,https://jira.footlocker.com/secure/projectavatar?size=small&avatarId=13203,https://jira.footlocker.com/secure/projectavatar?size=xsmall&avatarId=13203,https://jira.footlocker.com/secure/projectavatar?size=medium&avatarId=13203,https://jira.footlocker.com/rest/api/2/projectCategory/10703,10703,Omni Engineering,
"description,lead,url,projectKeys",https://jira.footlocker.com/rest/api/2/project/15802,15802,PT,Performance Testing and Tuning,software,False,https://jira.footlocker.com/secure/projectavatar?pid=15802&avatarId=10201,https://jira.footlocker.com/secure/projectavatar?size=small&pid=15802&avatarId=10201,https://jira.footlocker.com/secure/projectavatar?size=xsmall&pid=15802&avatarId=10201,https://jira.footlocker.com/secure/projectavatar?size=medium&pid=15802&avatarId=10201,https://jira.footlocker.com/rest/api/2/projectCategory/10703,10703,Omni Engineering,
"description,lead,url,projectKeys",https://jira.footlocker.com/rest/api/2/project/24100,24100,PIM,PIM,software,False,https://jira.footlocker.com/secure/projectavatar?avatarId=13203,https://jira.footlocker.com/secure/projectavatar?size=small&avatarId=13203,https://jira.footlocker.com/secure/projectavatar?size=xsmall&avatarId=13203,https://jira.footlocker.com/secure/projectavatar?size=medium&avatarId=13203,https://jira.footlocker.com/rest/api/2/projectCategory/10201,10201,Core Retail,
"description,lead,url,projectKeys",https://jira.footlocker.com/rest/api/2/project/28201,28201,PCR,Planview Changes & Requests,software,False,https://jira.footlocker.com/secure/projectavatar?avatarId=13203,https://jira.footlocker.com/secure/projectavatar?size=small&avatarId=13203,https://jira.footlocker.com/secure/projectavatar?size=xsmall&avatarId=13203,https://jira.footlocker.com/secure/projectavatar?size=medium&avatarId=13203,,,,
"description,lead,url,projectKeys",https://jira.footlocker.com/rest/api/2/project/18403,18403,PE,Platform Engineering,software,False,https://jira.footlocker.com/secure/projectavatar?avatarId=13203,https://jira.footlocker.com/secure/projectavatar?size=small&avatarId=13203,https://jira.footlocker.com/secure/projectavatar?size=xsmall&avatarId=13203,https://jira.footlocker.com/secure/projectavatar?size=medium&avatarId=13203,https://jira.footlocker.com/rest/api/2/projectCategory/10702,10702,Technology Services,
"description,lead,url,projectKeys",https://jira.footlocker.com/rest/api/2/project/26002,26002,PPCL,Platform Pod - Customer & Loyalty,software,False,https://jira.footlocker.com/secure/projectavatar?pid=26002&avatarId=10011,https://jira.footlocker.com/secure/projectavatar?size=small&pid=26002&avatarId=10011,https://jira.footlocker.com/secure/projectavatar?size=xsmall&pid=26002&avatarId=10011,https://jira.footlocker.com/secure/projectavatar?size=medium&pid=26002&avatarId=10011,https://jira.footlocker.com/rest/api/2/projectCategory/10703,10703,Omni Engineering,
"description,lead,url,projectKeys",https://jira.footlocker.com/rest/api/2/project/19304,19304,PEX,PMO - Project Execution Intake,software,False,https://jira.footlocker.com/secure/projectavatar?avatarId=13203,https://jira.footlocker.com/secure/projectavatar?size=small&avatarId=13203,https://jira.footlocker.com/secure/projectavatar?size=xsmall&avatarId=13203,https://jira.footlocker.com/secure/projectavatar?size=medium&avatarId=13203,https://jira.footlocker.com/rest/api/2/projectCategory/10700,10700,PMO,
"description,lead,url,projectKeys",https://jira.footlocker.com/rest/api/2/project/21800,21800,PPUR,Post Purchase,software,False,https://jira.footlocker.com/secure/projectavatar?avatarId=13203,https://jira.footlocker.com/secure/projectavatar?size=small&avatarId=13203,https://jira.footlocker.com/secure/projectavatar?size=xsmall&avatarId=13203,https://jira.footlocker.com/secure/projectavatar?size=medium&avatarId=13203,https://jira.footlocker.com/rest/api/2/projectCategory/10701,10701,Digital Technology,
"description,lead,url,projectKeys",https://jira.footlocker.com/rest/api/2/project/29500,29500,PTAG,Pre-TAG,software,False,https://jira.footlocker.com/secure/projectavatar?avatarId=13203,https://jira.footlocker.com/secure/projectavatar?size=small&avatarId=13203,https://jira.footlocker.com/secure/projectavatar?size=xsmall&avatarId=13203,https://jira.footlocker.com/secure/projectavatar?size=medium&avatarId=13203,,,,
"description,lead,url,projectKeys",https://jira.footlocker.com/rest/api/2/project/30701,30701,PAI,Privacy & Al Governance,software,False,https://jira.footlocker.com/secure/projectavatar?avatarId=13203,https://jira.footlocker.com/secure/projectavatar?size=small&avatarId=13203,https://jira.footlocker.com/secure/projectavatar?size=xsmall&avatarId=13203,https://jira.footlocker.com/secure/projectavatar?size=medium&avatarId=13203,,,,
"description,lead,url,projectKeys",https://jira.footlocker.com/rest/api/2/project/28903,28903,PAE,Product & Agile Enablement,software,False,https://jira.footlocker.com/secure/projectavatar?avatarId=13203,https://jira.footlocker.com/secure/projectavatar?size=small&avatarId=13203,https://jira.footlocker.com/secure/projectavatar?size=xsmall&avatarId=13203,https://jira.footlocker.com/secure/projectavatar?size=medium&avatarId=13203,,,,
"description,lead,url,projectKeys",https://jira.footlocker.com/rest/api/2/project/28000,28000,PNC,Product and Content,software,False,https://jira.footlocker.com/secure/projectavatar?avatarId=13203,https://jira.footlocker.com/secure/projectavatar?size=small&avatarId=13203,https://jira.footlocker.com/secure/projectavatar?size=xsmall&avatarId=13203,https://jira.footlocker.com/secure/projectavatar?size=medium&avatarId=13203,,,,
"description,lead,url,projectKeys",https://jira.footlocker.com/rest/api/2/project/29300,29300,PDI,Product Delivery Initiatives,software,False,https://jira.footlocker.com/secure/projectavatar?avatarId=13203,https://jira.footlocker.com/secure/projectavatar?size=small&avatarId=13203,https://jira.footlocker.com/secure/projectavatar?size=xsmall&avatarId=13203,https://jira.footlocker.com/secure/projectavatar?size=medium&avatarId=13203,,,,
"description,lead,url,projectKeys",https://jira.footlocker.com/rest/api/2/project/26900,26900,CIAM,PROJ-1795,software,False,https://jira.footlocker.com/secure/projectavatar?avatarId=13203,https://jira.footlocker.com/secure/projectavatar?size=small&avatarId=13203,https://jira.footlocker.com/secure/projectavatar?size=xsmall&avatarId=13203,https://jira.footlocker.com/secure/projectavatar?size=medium&avatarId=13203,https://jira.footlocker.com/rest/api/2/projectCategory/10701,10701,Digital Technology,
"description,lead,url,projectKeys",https://jira.footlocker.com/rest/api/2/project/30200,30200,LKSIDE,proj404 Lakeside,software,False,https://jira.footlocker.com/secure/projectavatar?avatarId=13203,https://jira.footlocker.com/secure/projectavatar?size=small&avatarId=13203,https://jira.footlocker.com/secure/projectavatar?size=xsmall&avatarId=13203,https://jira.footlocker.com/secure/projectavatar?size=medium&avatarId=13203,,,,
"description,lead,url,projectKeys",https://jira.footlocker.com/rest/api/2/project/10210,10210,QAS,Quantum Allocation Support,software,False,https://jira.footlocker.com/secure/projectavatar?pid=10210&avatarId=10201,https://jira.footlocker.com/secure/projectavatar?size=small&pid=10210&avatarId=10201,https://jira.footlocker.com/secure/projectavatar?size=xsmall&pid=10210&avatarId=10201,https://jira.footlocker.com/secure/projectavatar?size=medium&pid=10210&avatarId=10201,https://jira.footlocker.com/rest/api/2/projectCategory/10201,10201,Core Retail,
"description,lead,url,projectKeys",https://jira.footlocker.com/rest/api/2/project/17401,17401,ROI,Return On Investment,software,False,https://jira.footlocker.com/secure/projectavatar?avatarId=13203,https://jira.footlocker.com/secure/projectavatar?size=small&avatarId=13203,https://jira.footlocker.com/secure/projectavatar?size=xsmall&avatarId=13203,https://jira.footlocker.com/secure/projectavatar?size=medium&avatarId=13203,https://jira.footlocker.com/rest/api/2/projectCategory/10701,10701,Digital Technology,
"description,lead,url,projectKeys",https://jira.footlocker.com/rest/api/2/project/26801,26801,RTVREG,RTV Regional DCs,software,False,https://jira.footlocker.com/secure/projectavatar?avatarId=13203,https://jira.footlocker.com/secure/projectavatar?size=small&avatarId=13203,https://jira.footlocker.com/secure/projectavatar?size=xsmall&avatarId=13203,https://jira.footlocker.com/secure/projectavatar?size=medium&avatarId=13203,https://jira.footlocker.com/rest/api/2/projectCategory/10201,10201,Core Retail,
"description,lead,url,projectKeys",https://jira.footlocker.com/rest/api/2/project/11000,11000,SCHED,Scheduling Assignments,software,False,https://jira.footlocker.com/secure/projectavatar?pid=11000&avatarId=10010,https://jira.footlocker.com/secure/projectavatar?size=small&pid=11000&avatarId=10010,https://jira.footlocker.com/secure/projectavatar?size=xsmall&pid=11000&avatarId=10010,https://jira.footlocker.com/secure/projectavatar?size=medium&pid=11000&avatarId=10010,https://jira.footlocker.com/rest/api/2/projectCategory/10702,10702,Technology Services,
"description,lead,url,projectKeys",https://jira.footlocker.com/rest/api/2/project/26800,26800,SND,Search & Discovery,software,False,https://jira.footlocker.com/secure/projectavatar?pid=26800&avatarId=38606,https://jira.footlocker.com/secure/projectavatar?size=small&pid=26800&avatarId=38606,https://jira.footlocker.com/secure/projectavatar?size=xsmall&pid=26800&avatarId=38606,https://jira.footlocker.com/secure/projectavatar?size=medium&pid=26800&avatarId=38606,https://jira.footlocker.com/rest/api/2/projectCategory/10300,10300,Business,
"description,lead,url,projectKeys",https://jira.footlocker.com/rest/api/2/project/26500,26500,SNB,Search and Browse,software,False,https://jira.footlocker.com/secure/projectavatar?avatarId=13203,https://jira.footlocker.com/secure/projectavatar?size=small&avatarId=13203,https://jira.footlocker.com/secure/projectavatar?size=xsmall&avatarId=13203,https://jira.footlocker.com/secure/projectavatar?size=medium&avatarId=13203,https://jira.footlocker.com/rest/api/2/projectCategory/10300,10300,Business,
"description,lead,url,projectKeys",https://jira.footlocker.com/rest/api/2/project/15503,15503,ITSEC,Security,software,False,https://jira.footlocker.com/secure/projectavatar?pid=15503&avatarId=17613,https://jira.footlocker.com/secure/projectavatar?size=small&pid=15503&avatarId=17613,https://jira.footlocker.com/secure/projectavatar?size=xsmall&pid=15503&avatarId=17613,https://jira.footlocker.com/secure/projectavatar?size=medium&pid=15503&avatarId=17613,https://jira.footlocker.com/rest/api/2/projectCategory/10108,10108,Security,Security
"description,lead,url,projectKeys",https://jira.footlocker.com/rest/api/2/project/27201,27201,SECSE,Security Service Edge,software,False,https://jira.footlocker.com/secure/projectavatar?avatarId=13203,https://jira.footlocker.com/secure/projectavatar?size=small&avatarId=13203,https://jira.footlocker.com/secure/projectavatar?size=xsmall&avatarId=13203,https://jira.footlocker.com/secure/projectavatar?size=medium&avatarId=13203,https://jira.footlocker.com/rest/api/2/projectCategory/10108,10108,Security,Security
"description,lead,url,projectKeys",https://jira.footlocker.com/rest/api/2/project/10203,10203,SERNOW,ServiceNow,software,False,https://jira.footlocker.com/secure/projectavatar?pid=10203&avatarId=10715,https://jira.footlocker.com/secure/projectavatar?size=small&pid=10203&avatarId=10715,https://jira.footlocker.com/secure/projectavatar?size=xsmall&pid=10203&avatarId=10715,https://jira.footlocker.com/secure/projectavatar?size=medium&pid=10203&avatarId=10715,https://jira.footlocker.com/rest/api/2/projectCategory/10702,10702,Technology Services,
"description,lead,url,projectKeys",https://jira.footlocker.com/rest/api/2/project/20700,20700,SHP,Shopping Path (Product Management),software,False,https://jira.footlocker.com/secure/projectavatar?avatarId=13203,https://jira.footlocker.com/secure/projectavatar?size=small&avatarId=13203,https://jira.footlocker.com/secure/projectavatar?size=xsmall&avatarId=13203,https://jira.footlocker.com/secure/projectavatar?size=medium&avatarId=13203,https://jira.footlocker.com/rest/api/2/projectCategory/10701,10701,Digital Technology,
"description,lead,url,projectKeys",https://jira.footlocker.com/rest/api/2/project/10503,10503,SO,Site Operations,software,False,https://jira.footlocker.com/secure/projectavatar?pid=10503&avatarId=10208,https://jira.footlocker.com/secure/projectavatar?size=small&pid=10503&avatarId=10208,https://jira.footlocker.com/secure/projectavatar?size=xsmall&pid=10503&avatarId=10208,https://jira.footlocker.com/secure/projectavatar?size=medium&pid=10503&avatarId=10208,https://jira.footlocker.com/rest/api/2/projectCategory/10701,10701,Digital Technology,
"description,lead,url,projectKeys",https://jira.footlocker.com/rest/api/2/project/29000,29000,SOLEFIN,SOLE Finance,software,False,https://jira.footlocker.com/secure/projectavatar?avatarId=13203,https://jira.footlocker.com/secure/projectavatar?size=small&avatarId=13203,https://jira.footlocker.com/secure/projectavatar?size=xsmall&avatarId=13203,https://jira.footlocker.com/secure/projectavatar?size=medium&avatarId=13203,,,,
"description,lead,url,projectKeys",https://jira.footlocker.com/rest/api/2/project/30001,30001,SOLMERCH,SOLE Merch,software,False,https://jira.footlocker.com/secure/projectavatar?avatarId=13203,https://jira.footlocker.com/secure/projectavatar?size=small&avatarId=13203,https://jira.footlocker.com/secure/projectavatar?size=xsmall&avatarId=13203,https://jira.footlocker.com/secure/projectavatar?size=medium&avatarId=13203,,,,
"description,lead,url,projectKeys",https://jira.footlocker.com/rest/api/2/project/20000,20000,SSP,Store Support Projects,software,False,https://jira.footlocker.com/secure/projectavatar?avatarId=13203,https://jira.footlocker.com/secure/projectavatar?size=small&avatarId=13203,https://jira.footlocker.com/secure/projectavatar?size=xsmall&avatarId=13203,https://jira.footlocker.com/secure/projectavatar?size=medium&avatarId=13203,https://jira.footlocker.com/rest/api/2/projectCategory/10702,10702,Technology Services,
"description,lead,url,projectKeys",https://jira.footlocker.com/rest/api/2/project/18405,18405,SSE,Store Systems Engineering,software,False,https://jira.footlocker.com/secure/projectavatar?pid=18405&avatarId=13207,https://jira.footlocker.com/secure/projectavatar?size=small&pid=18405&avatarId=13207,https://jira.footlocker.com/secure/projectavatar?size=xsmall&pid=18405&avatarId=13207,https://jira.footlocker.com/secure/projectavatar?size=medium&pid=18405&avatarId=13207,https://jira.footlocker.com/rest/api/2/projectCategory/10702,10702,Technology Services,
"description,lead,url,projectKeys",https://jira.footlocker.com/rest/api/2/project/24800,24800,PRODSUPP,Store Systems Production Support,software,False,https://jira.footlocker.com/secure/projectavatar?avatarId=13203,https://jira.footlocker.com/secure/projectavatar?size=small&avatarId=13203,https://jira.footlocker.com/secure/projectavatar?size=xsmall&avatarId=13203,https://jira.footlocker.com/secure/projectavatar?size=medium&avatarId=13203,https://jira.footlocker.com/rest/api/2/projectCategory/10703,10703,Omni Engineering,
"description,lead,url,projectKeys",https://jira.footlocker.com/rest/api/2/project/23300,23300,SCM,Supply Chain Move,software,False,https://jira.footlocker.com/secure/projectavatar?avatarId=13203,https://jira.footlocker.com/secure/projectavatar?size=small&avatarId=13203,https://jira.footlocker.com/secure/projectavatar?size=xsmall&avatarId=13203,https://jira.footlocker.com/secure/projectavatar?size=medium&avatarId=13203,https://jira.footlocker.com/rest/api/2/projectCategory/10201,10201,Core Retail,
"description,lead,url,projectKeys",https://jira.footlocker.com/rest/api/2/project/27800,27800,SPIM,Syndigo PIM,software,False,https://jira.footlocker.com/secure/projectavatar?avatarId=13203,https://jira.footlocker.com/secure/projectavatar?size=small&avatarId=13203,https://jira.footlocker.com/secure/projectavatar?size=xsmall&avatarId=13203,https://jira.footlocker.com/secure/projectavatar?size=medium&avatarId=13203,,,,
"description,lead,url,projectKeys",https://jira.footlocker.com/rest/api/2/project/18402,18402,TECH,Technology Assessment Guild,software,False,https://jira.footlocker.com/secure/projectavatar?pid=18402&avatarId=10205,https://jira.footlocker.com/secure/projectavatar?size=small&pid=18402&avatarId=10205,https://jira.footlocker.com/secure/projectavatar?size=xsmall&pid=18402&avatarId=10205,https://jira.footlocker.com/secure/projectavatar?size=medium&pid=18402&avatarId=10205,https://jira.footlocker.com/rest/api/2/projectCategory/10702,10702,Technology Services,
"description,lead,url,projectKeys",https://jira.footlocker.com/rest/api/2/project/31201,31201,TPCR,Test Planview Changes & Requests,software,False,https://jira.footlocker.com/secure/projectavatar?avatarId=13203,https://jira.footlocker.com/secure/projectavatar?size=small&avatarId=13203,https://jira.footlocker.com/secure/projectavatar?size=xsmall&avatarId=13203,https://jira.footlocker.com/secure/projectavatar?size=medium&avatarId=13203,,,,
"description,lead,url,projectKeys",https://jira.footlocker.com/rest/api/2/project/31200,31200,TPDI,Test Product Delivery Initiatives,software,False,https://jira.footlocker.com/secure/projectavatar?avatarId=13203,https://jira.footlocker.com/secure/projectavatar?size=small&avatarId=13203,https://jira.footlocker.com/secure/projectavatar?size=xsmall&avatarId=13203,https://jira.footlocker.com/secure/projectavatar?size=medium&avatarId=13203,,,,
"description,lead,url,projectKeys",https://jira.footlocker.com/rest/api/2/project/27101,27101,WHSYS,US Warehouse Systems,software,False,https://jira.footlocker.com/secure/projectavatar?avatarId=13203,https://jira.footlocker.com/secure/projectavatar?size=small&avatarId=13203,https://jira.footlocker.com/secure/projectavatar?size=xsmall&avatarId=13203,https://jira.footlocker.com/secure/projectavatar?size=medium&avatarId=13203,https://jira.footlocker.com/rest/api/2/projectCategory/10201,10201,Core Retail,
"description,lead,url,projectKeys",https://jira.footlocker.com/rest/api/2/project/12002,12002,UXD,UX Design & Research,software,False,https://jira.footlocker.com/secure/projectavatar?pid=12002&avatarId=13206,https://jira.footlocker.com/secure/projectavatar?size=small&pid=12002&avatarId=13206,https://jira.footlocker.com/secure/projectavatar?size=xsmall&pid=12002&avatarId=13206,https://jira.footlocker.com/secure/projectavatar?size=medium&pid=12002&avatarId=13206,https://jira.footlocker.com/rest/api/2/projectCategory/10701,10701,Digital Technology,
"description,lead,url,projectKeys",https://jira.footlocker.com/rest/api/2/project/26000,26000,VDI,VDI Platform Migration,software,False,https://jira.footlocker.com/secure/projectavatar?avatarId=13203,https://jira.footlocker.com/secure/projectavatar?size=small&avatarId=13203,https://jira.footlocker.com/secure/projectavatar?size=xsmall&avatarId=13203,https://jira.footlocker.com/secure/projectavatar?size=medium&avatarId=13203,https://jira.footlocker.com/rest/api/2/projectCategory/10702,10702,Technology Services,
"description,lead,url,projectKeys",https://jira.footlocker.com/rest/api/2/project/13801,13801,VMO,Vendor Management Organization,software,False,https://jira.footlocker.com/secure/projectavatar?pid=13801&avatarId=28100,https://jira.footlocker.com/secure/projectavatar?size=small&pid=13801&avatarId=28100,https://jira.footlocker.com/secure/projectavatar?size=xsmall&pid=13801&avatarId=28100,https://jira.footlocker.com/secure/projectavatar?size=medium&pid=13801&avatarId=28100,https://jira.footlocker.com/rest/api/2/projectCategory/10704,10704,VMO,
"description,lead,url,projectKeys",https://jira.footlocker.com/rest/api/2/project/26700,26700,WFM,WFM Platform Implementation,software,False,https://jira.footlocker.com/secure/projectavatar?avatarId=13203,https://jira.footlocker.com/secure/projectavatar?size=small&avatarId=13203,https://jira.footlocker.com/secure/projectavatar?size=xsmall&avatarId=13203,https://jira.footlocker.com/secure/projectavatar?size=medium&avatarId=13203,https://jira.footlocker.com/rest/api/2/projectCategory/10701,10701,Digital Technology,
"description,lead,url,projectKeys",https://jira.footlocker.com/rest/api/2/project/10500,10500,XSTR,XStore Point of Sale,software,False,https://jira.footlocker.com/secure/projectavatar?pid=10500&avatarId=11115,https://jira.footlocker.com/secure/projectavatar?size=small&pid=10500&avatarId=11115,https://jira.footlocker.com/secure/projectavatar?size=xsmall&pid=10500&avatarId=11115,https://jira.footlocker.com/secure/projectavatar?size=medium&pid=10500&avatarId=11115,https://jira.footlocker.com/rest/api/2/projectCategory/10703,10703,Omni Engineering,
"description,lead,url,projectKeys",https://jira.footlocker.com/rest/api/2/project/23100,23100,ZGA,Zendesk Guide Administration,software,False,https://jira.footlocker.com/secure/projectavatar?avatarId=13203,https://jira.footlocker.com/secure/projectavatar?size=small&avatarId=13203,https://jira.footlocker.com/secure/projectavatar?size=xsmall&avatarId=13203,https://jira.footlocker.com/secure/projectavatar?size=medium&avatarId=13203,https://jira.footlocker.com/rest/api/2/projectCategory/10300,10300,Business,
