CCEP,CCEP-3147,2024-11-12 09:32:44.340554-05:00,,Open,Active,
CCEP,CCEP-3146,2024-11-12 09:32:44.364940-05:00,,Open,Active,
CCEP,CCEP-3145,2024-11-12 09:32:44.375023-05:00,,Open,Active,
CCEP,CCEP-3144,2024-11-12 09:32:44.383180-05:00,,Open,Active,
CCEP,CCEP-3143,2024-11-12 09:32:44.390574-05:00,,Open,Active,
CCEP,CCEP-3142,2024-11-12 09:32:44.399590-05:00,,Open,Active,
CCEP,CCEP-3141,2024-11-12 09:32:44.407121-05:00,,Open,Active,
CCEP,CCEP-3140,2024-11-12 09:32:44.416381-05:00,,Open,Active,
CCEP,CCEP-3138,2024-11-12 09:32:44.424282-05:00,,Open,Active,
COMPRODUCT,COMPRODUCT-17422,2024-11-11 09:41:48.977000-06:00,status,New,Ready for Development,
COMPRODUCT,COMPRODUCT-17422,2024-11-12 09:32:48.872627-05:00,,Ready for Development,Active,0 days 22:50:59.895627
COMPRODUCT,COMPRODUCT-17420,2024-11-12 09:32:48.884641-05:00,,In Development,Active,
COMPRODUCT,COMPRODUCT-17415,2024-11-06 10:18:56.220000-06:00,status,New,PO Grooming,
COMPRODUCT,COMPRODUCT-17415,2024-11-12 09:32:48.894548-05:00,,In Development,Active,5 days 22:13:52.674548
COMPRODUCT,COMPRODUCT-17415,2024-11-12 06:57:21.407000-06:00,status,New,In Development,-1 days +22:24:32.512452
COMPRODUCT,COMPRODUCT-17339,2024-10-04 07:46:08.460000-05:00,status,New,In Development,
COMPRODUCT,COMPRODUCT-17339,2024-11-12 09:32:48.904976-05:00,,In Development,Active,39 days 01:46:40.444976
COMPRODUCT,COMPRODUCT-17270,2024-08-29 05:48:38.537000-05:00,status,New,Code Review,
COMPRODUCT,COMPRODUCT-17270,2024-08-30 07:38:32.497000-05:00,status,Code Review,In Development,1 days 01:49:53.960000
COMPRODUCT,COMPRODUCT-17270,2024-09-04 07:51:07.413000-05:00,status,In Development,Code Review,5 days 00:12:34.916000
COMPRODUCT,COMPRODUCT-17270,2024-10-01 07:45:40.547000-05:00,status,Code Review,In Development,26 days 23:54:33.134000
COMPRODUCT,COMPRODUCT-17270,2024-11-12 09:32:48.914071-05:00,,In Development,Active,42 days 01:47:08.367071
COMPRODUCT,COMPRODUCT-17244,2024-08-22 05:38:45.883000-05:00,status,New,Code Review,
COMPRODUCT,COMPRODUCT-17244,2024-08-22 07:44:24.520000-05:00,status,Code Review,QA Testing,0 days 02:05:38.637000
COMPRODUCT,COMPRODUCT-17244,2024-11-12 09:32:48.922877-05:00,,QA Testing,Active,82 days 01:48:24.402877
COMPRODUCT,COMPRODUCT-17238,2024-08-19 00:42:58.327000-05:00,status,New,In Development,
COMPRODUCT,COMPRODUCT-17238,2024-08-22 07:06:08.710000-05:00,status,In Development,Code Review,3 days 06:23:10.383000
COMPRODUCT,COMPRODUCT-17238,2024-10-01 06:19:26.113000-05:00,status,Code Review,In Development,39 days 23:13:17.403000
COMPRODUCT,COMPRODUCT-17238,2024-10-07 00:58:41.510000-05:00,status,In Development,Code Review,5 days 18:39:15.397000
COMPRODUCT,COMPRODUCT-17238,2024-11-12 09:32:48.933572-05:00,,Code Review,Active,36 days 08:34:07.423572
COMPRODUCT,COMPRODUCT-17236,2024-10-23 05:22:46.510000-05:00,status,New,In Development,
COMPRODUCT,COMPRODUCT-17236,2024-10-24 06:46:49.250000-05:00,status,In Development,Code Review,1 days 01:24:02.740000
COMPRODUCT,COMPRODUCT-17236,2024-10-24 06:47:07.027000-05:00,status,Code Review,Code Review,0 days 00:00:17.777000
COMPRODUCT,COMPRODUCT-17236,2024-11-12 09:32:48.942261-05:00,,Code Review,Active,19 days 02:45:41.915261
COMPRODUCT,COMPRODUCT-17208,2024-08-12 17:03:49.487000-05:00,status,New,In Development,
COMPRODUCT,COMPRODUCT-17208,2024-08-20 21:48:15.870000-05:00,status,In Development,Closed,8 days 04:44:26.383000
COMPRODUCT,COMPRODUCT-17208,2024-11-12 09:32:48.951090-05:00,,Closed,Active,83 days 11:44:33.081090
COMPRODUCT,COMPRODUCT-17184,2024-10-14 04:29:45.910000-05:00,status,New,In Development,
COMPRODUCT,COMPRODUCT-17184,2024-10-25 07:54:07.067000-05:00,status,In Development,Ready for Development,11 days 03:24:21.157000
COMPRODUCT,COMPRODUCT-17184,2024-11-11 04:32:08.670000-06:00,status,Ready for Development,In Development,16 days 21:38:01.603000
COMPRODUCT,COMPRODUCT-17184,2024-11-12 09:32:48.961535-05:00,,In Development,Active,1 days 04:00:40.291535
COMPRODUCT,COMPRODUCT-17180,2024-07-31 09:03:53.203000-05:00,status,New,On Hold,
COMPRODUCT,COMPRODUCT-17180,2024-08-01 08:08:54.433000-05:00,status,On Hold,In Development,0 days 23:05:01.230000
COMPRODUCT,COMPRODUCT-17180,2024-08-01 08:09:08.193000-05:00,status,In Development,Code Review,0 days 00:00:13.760000
COMPRODUCT,COMPRODUCT-17180,2024-10-01 14:08:11.247000-05:00,status,Code Review,Ready for Production,61 days 05:59:03.054000
COMPRODUCT,COMPRODUCT-17180,2024-10-01 14:08:42.120000-05:00,status,Ready for Production,Ready for Production,0 days 00:00:30.873000
COMPRODUCT,COMPRODUCT-17180,2024-10-01 14:08:45.777000-05:00,status,Ready for Production,Closed,0 days 00:00:03.657000
COMPRODUCT,COMPRODUCT-17180,2024-11-12 09:32:48.970242-05:00,,Closed,Active,41 days 19:24:03.193242
COMPRODUCT,COMPRODUCT-17176,2024-08-19 00:33:42.547000-05:00,status,New,Code Review,
COMPRODUCT,COMPRODUCT-17176,2024-08-19 07:38:58.007000-05:00,status,Code Review,Ready for Production,0 days 07:05:15.460000
COMPRODUCT,COMPRODUCT-17176,2024-11-12 09:32:48.980848-05:00,,Ready for Production,Active,85 days 01:53:50.973848
COMPRODUCT,COMPRODUCT-17173,2024-08-12 03:24:26.987000-05:00,status,New,In Development,
COMPRODUCT,COMPRODUCT-17173,2024-08-13 06:48:39.223000-05:00,status,In Development,Code Review,1 days 03:24:12.236000
COMPRODUCT,COMPRODUCT-17173,2024-08-16 03:58:55.290000-05:00,status,Code Review,QA Testing,2 days 21:10:16.067000
COMPRODUCT,COMPRODUCT-17173,2024-10-28 10:10:44.557000-05:00,status,QA Testing,PO Validation,73 days 06:11:49.267000
COMPRODUCT,COMPRODUCT-17173,2024-10-28 10:53:39.717000-05:00,status,PO Validation,Ready for Production,0 days 00:42:55.160000
COMPRODUCT,COMPRODUCT-17173,2024-11-12 09:32:48.989204-05:00,,Ready for Production,Active,14 days 22:39:09.272204
COMPRODUCT,COMPRODUCT-17166,2024-07-16 10:16:02.040000-05:00,status,New,In Development,
COMPRODUCT,COMPRODUCT-17166,2024-07-16 12:53:57.620000-05:00,status,In Development,Code Review,0 days 02:37:55.580000
COMPRODUCT,COMPRODUCT-17166,2024-07-16 12:54:01.983000-05:00,status,Code Review,QA Testing,0 days 00:00:04.363000
COMPRODUCT,COMPRODUCT-17166,2024-08-15 15:02:15.683000-05:00,status,QA Testing,PO Validation,30 days 02:08:13.700000
COMPRODUCT,COMPRODUCT-17166,2024-10-24 05:15:09.717000-05:00,status,PO Validation,Closed,69 days 14:12:54.034000
COMPRODUCT,COMPRODUCT-17166,2024-11-12 09:32:49.000032-05:00,,Closed,Active,19 days 04:17:39.283032
COMPRODUCT,COMPRODUCT-17144,2024-07-05 05:14:51.680000-05:00,status,New,Ready for Refinement,
COMPRODUCT,COMPRODUCT-17144,2024-07-05 05:19:00.280000-05:00,status,Ready for Refinement,Ready for Development,0 days 00:04:08.600000
COMPRODUCT,COMPRODUCT-17144,2024-07-05 07:51:24.133000-05:00,status,Ready for Development,In Development,0 days 02:32:23.853000
COMPRODUCT,COMPRODUCT-17144,2024-07-09 04:15:53.827000-05:00,status,In Development,Code Review,3 days 20:24:29.694000
COMPRODUCT,COMPRODUCT-17144,2024-07-24 07:55:53.557000-05:00,status,Code Review,In Development,15 days 03:39:59.730000
COMPRODUCT,COMPRODUCT-17144,2024-07-29 02:45:08.603000-05:00,status,In Development,Code Review,4 days 18:49:15.046000
COMPRODUCT,COMPRODUCT-17144,2024-07-30 00:25:43.547000-05:00,status,Code Review,QA Testing,0 days 21:40:34.944000
COMPRODUCT,COMPRODUCT-17144,2024-08-28 01:17:24.700000-05:00,status,QA Testing,On Hold,29 days 00:51:41.153000
COMPRODUCT,COMPRODUCT-17144,2024-10-18 05:04:42.620000-05:00,status,On Hold,QA Testing,51 days 03:47:17.920000
COMPRODUCT,COMPRODUCT-17144,2024-10-29 06:46:32.427000-05:00,status,QA Testing,PO Validation,11 days 01:41:49.807000
COMPRODUCT,COMPRODUCT-17144,2024-11-04 07:48:42.630000-06:00,status,PO Validation,Ready for Production,6 days 02:02:10.203000
COMPRODUCT,COMPRODUCT-17144,2024-11-12 09:32:49.009051-05:00,,Ready for Production,Active,8 days 00:44:06.379051
COMPRODUCT,COMPRODUCT-17142,2024-07-05 05:19:30.953000-05:00,status,New,Ready for Development,
COMPRODUCT,COMPRODUCT-17142,2024-07-09 07:08:16.877000-05:00,status,Ready for Development,In Development,4 days 01:48:45.924000
COMPRODUCT,COMPRODUCT-17142,2024-08-09 06:39:44.627000-05:00,status,In Development,Code Review,30 days 23:31:27.750000
COMPRODUCT,COMPRODUCT-17142,2024-08-16 03:58:51.397000-05:00,status,Code Review,QA Testing,6 days 21:19:06.770000
COMPRODUCT,COMPRODUCT-17142,2024-09-18 05:12:20.850000-05:00,status,QA Testing,On Hold,33 days 01:13:29.453000
COMPRODUCT,COMPRODUCT-17142,2024-09-25 06:49:46.210000-05:00,status,On Hold,QA Testing,7 days 01:37:25.360000
COMPRODUCT,COMPRODUCT-17142,2024-10-15 05:40:56.427000-05:00,status,QA Testing,On Hold,19 days 22:51:10.217000
COMPRODUCT,COMPRODUCT-17142,2024-10-17 04:31:32.160000-05:00,status,On Hold,QA Testing,1 days 22:50:35.733000
COMPRODUCT,COMPRODUCT-17142,2024-10-28 08:44:13.133000-05:00,status,QA Testing,PO Validation,11 days 04:12:40.973000
COMPRODUCT,COMPRODUCT-17142,2024-10-28 10:53:19.977000-05:00,status,PO Validation,Ready for Production,0 days 02:09:06.844000
COMPRODUCT,COMPRODUCT-17142,2024-11-12 09:32:49.020799-05:00,,Ready for Production,Active,14 days 22:39:29.043799
COMPRODUCT,COMPRODUCT-17129,2024-06-21 08:07:56.697000-05:00,status,New,Ready for Development,
COMPRODUCT,COMPRODUCT-17129,2024-06-24 06:43:46.700000-05:00,status,Ready for Development,In Development,2 days 22:35:50.003000
COMPRODUCT,COMPRODUCT-17129,2024-06-26 08:01:39.187000-05:00,status,In Development,Code Review,2 days 01:17:52.487000
COMPRODUCT,COMPRODUCT-17129,2024-11-12 09:32:49.031854-05:00,,Code Review,Active,139 days 01:31:09.844854
COMPRODUCT,COMPRODUCT-17077,2024-06-13 03:40:16.177000-05:00,status,New,In Development,
COMPRODUCT,COMPRODUCT-17077,2024-08-16 09:32:19.793000-05:00,status,In Development,Closed,64 days 05:52:03.616000
COMPRODUCT,COMPRODUCT-17077,2024-11-12 09:32:49.040593-05:00,,Closed,Active,88 days 00:00:29.247593
COMPRODUCT,COMPRODUCT-17064,2024-06-06 02:15:58.197000-05:00,status,New,In Development,
COMPRODUCT,COMPRODUCT-17064,2024-06-13 07:05:23.460000-05:00,status,In Development,Code Review,7 days 04:49:25.263000
COMPRODUCT,COMPRODUCT-17064,2024-06-18 05:41:33.293000-05:00,status,Code Review,QA Testing,4 days 22:36:09.833000
COMPRODUCT,COMPRODUCT-17064,2024-07-10 08:49:20.927000-05:00,status,QA Testing,On Hold,22 days 03:07:47.634000
COMPRODUCT,COMPRODUCT-17064,2024-08-01 10:30:38.337000-05:00,status,On Hold,QA Testing,22 days 01:41:17.410000
COMPRODUCT,COMPRODUCT-17064,2024-08-13 02:23:01.150000-05:00,status,QA Testing,On Hold,11 days 15:52:22.813000
COMPRODUCT,COMPRODUCT-17064,2024-11-12 09:32:49.049425-05:00,,On Hold,Active,91 days 07:09:47.899425
COMPRODUCT,COMPRODUCT-17050,2024-05-30 15:32:59.450000-05:00,status,New,Ready for Development,
COMPRODUCT,COMPRODUCT-17050,2024-06-04 02:28:01.650000-05:00,status,Ready for Development,In Development,4 days 10:55:02.200000
COMPRODUCT,COMPRODUCT-17050,2024-06-10 09:02:18.163000-05:00,status,In Development,Code Review,6 days 06:34:16.513000
COMPRODUCT,COMPRODUCT-17050,2024-07-08 08:21:03.917000-05:00,status,Code Review,QA Testing,27 days 23:18:45.754000
COMPRODUCT,COMPRODUCT-17050,2024-07-10 08:49:36.997000-05:00,status,QA Testing,On Hold,2 days 00:28:33.080000
COMPRODUCT,COMPRODUCT-17050,2024-08-01 10:31:41.590000-05:00,status,On Hold,QA Testing,22 days 01:42:04.593000
COMPRODUCT,COMPRODUCT-17050,2024-09-03 23:40:57.877000-05:00,status,QA Testing,On Hold,33 days 13:09:16.287000
COMPRODUCT,COMPRODUCT-17050,2024-11-12 09:32:49.060742-05:00,,On Hold,Active,69 days 09:51:51.183742
COMPRODUCT,COMPRODUCT-16951,2024-05-08 08:08:54.740000-05:00,status,New,In Development,
COMPRODUCT,COMPRODUCT-16951,2024-05-17 04:41:25.197000-05:00,status,In Development,Code Review,8 days 20:32:30.457000
COMPRODUCT,COMPRODUCT-16951,2024-08-16 09:27:54.743000-05:00,status,Code Review,Closed,91 days 04:46:29.546000
COMPRODUCT,COMPRODUCT-16951,2024-11-12 09:32:49.069454-05:00,,Closed,Active,88 days 00:04:54.326454
COMPRODUCT,COMPRODUCT-16807,2024-04-26 01:39:43.003000-05:00,status,To Do,Ready for Development,
COMPRODUCT,COMPRODUCT-16807,2024-09-19 02:21:17.370000-05:00,status,Ready for Development,Closed,146 days 00:41:34.367000
COMPRODUCT,COMPRODUCT-16807,2024-11-12 09:32:49.079097-05:00,,Closed,Active,54 days 07:11:31.709097
COMPRODUCT,COMPRODUCT-16560,2023-12-13 08:03:00.047000-06:00,status,New,In Development,
COMPRODUCT,COMPRODUCT-16560,2024-01-22 08:19:02.537000-06:00,status,In Development,Code Review,40 days 00:16:02.490000
COMPRODUCT,COMPRODUCT-16560,2024-01-22 08:19:13.533000-06:00,status,Code Review,In Development,0 days 00:00:10.996000
COMPRODUCT,COMPRODUCT-16560,2024-05-27 07:45:02.180000-05:00,status,In Development,FA Grooming,125 days 22:25:48.647000
COMPRODUCT,COMPRODUCT-16560,2024-06-25 06:02:52.207000-05:00,status,FA Grooming,In Development,28 days 22:17:50.027000
COMPRODUCT,COMPRODUCT-16560,2024-06-25 07:11:37.247000-05:00,status,In Development,Code Review,0 days 01:08:45.040000
COMPRODUCT,COMPRODUCT-16560,2024-08-16 09:24:36.180000-05:00,status,Code Review,Closed,52 days 02:12:58.933000
COMPRODUCT,COMPRODUCT-16560,2024-11-12 09:32:49.092178-05:00,,Closed,Active,88 days 00:08:12.912178
COMPRODUCT,COMPRODUCT-16504,2024-02-02 09:15:51.623000-06:00,status,New,In Development,
COMPRODUCT,COMPRODUCT-16504,2024-10-24 05:12:25.523000-05:00,status,In Development,Closed,264 days 18:56:33.900000
COMPRODUCT,COMPRODUCT-16504,2024-11-12 09:32:49.105036-05:00,,Closed,Active,19 days 04:20:23.582036
COMPRODUCT,COMPRODUCT-16500,2024-02-02 09:15:17.540000-06:00,status,New,In Development,
COMPRODUCT,COMPRODUCT-16500,2024-10-24 05:13:01.233000-05:00,status,In Development,Closed,264 days 18:57:43.693000
COMPRODUCT,COMPRODUCT-16500,2024-11-12 09:32:49.117816-05:00,,Closed,Active,19 days 04:19:47.884816
COMPRODUCT,COMPRODUCT-16494,2023-11-06 08:19:55.757000-06:00,status,New,In Development,
COMPRODUCT,COMPRODUCT-16494,2024-09-04 08:40:06.783000-05:00,status,In Development,Closed,302 days 23:20:11.026000
COMPRODUCT,COMPRODUCT-16494,2024-11-12 09:32:49.129630-05:00,,Closed,Active,69 days 00:52:42.346630
COMPRODUCT,COMPRODUCT-16348,2023-10-11 07:59:27.527000-05:00,status,New,In Development,
COMPRODUCT,COMPRODUCT-16348,2023-11-06 08:03:31.903000-06:00,status,In Development,PO Grooming,26 days 01:04:04.376000
COMPRODUCT,COMPRODUCT-16348,2023-11-20 09:45:46.597000-06:00,status,PO Grooming,New,14 days 01:42:14.694000
COMPRODUCT,COMPRODUCT-16348,2024-10-24 05:23:49.113000-05:00,status,New,Closed,338 days 18:38:02.516000
COMPRODUCT,COMPRODUCT-16348,2024-11-12 09:32:49.143125-05:00,,Closed,Active,19 days 04:09:00.030125
COMPRODUCT,COMPRODUCT-15965,2023-05-04 08:06:29.520000-05:00,status,New,In Development,
COMPRODUCT,COMPRODUCT-15965,2023-05-08 13:50:00.760000-05:00,status,In Development,Code Review,4 days 05:43:31.240000
COMPRODUCT,COMPRODUCT-15965,2023-05-08 13:54:59.847000-05:00,status,Code Review,QA Testing,0 days 00:04:59.087000
COMPRODUCT,COMPRODUCT-15965,2024-10-24 04:46:01.147000-05:00,status,QA Testing,Closed,534 days 14:51:01.300000
COMPRODUCT,COMPRODUCT-15965,2024-11-12 09:32:49.154950-05:00,,Closed,Active,19 days 04:46:48.007950
COMPRODUCT,COMPRODUCT-15873,2023-04-13 08:10:09.940000-05:00,status,New,In Development,
COMPRODUCT,COMPRODUCT-15873,2024-10-24 05:12:47.623000-05:00,status,In Development,Closed,559 days 21:02:37.683000
COMPRODUCT,COMPRODUCT-15873,2024-11-12 09:32:49.166149-05:00,,Closed,Active,19 days 04:20:01.543149
COMPRODUCT,COMPRODUCT-15871,2023-04-13 07:54:23.903000-05:00,status,New,In Development,
COMPRODUCT,COMPRODUCT-15871,2023-04-13 08:10:04.973000-05:00,status,In Development,FA Grooming,0 days 00:15:41.070000
COMPRODUCT,COMPRODUCT-15871,2024-10-24 05:11:09.157000-05:00,status,FA Grooming,Closed,559 days 21:01:04.184000
COMPRODUCT,COMPRODUCT-15871,2024-11-12 09:32:49.176525-05:00,,Closed,Active,19 days 04:21:40.019525
COMPRODUCT,COMPRODUCT-15805,2023-12-28 16:46:06.450000-06:00,status,New,Ready for Development,
COMPRODUCT,COMPRODUCT-15805,2024-03-02 23:52:06.927000-06:00,status,Ready for Development,In Development,65 days 07:06:00.477000
COMPRODUCT,COMPRODUCT-15805,2024-03-02 23:52:24.233000-06:00,status,In Development,Ready for Development,0 days 00:00:17.306000
COMPRODUCT,COMPRODUCT-15805,2024-05-16 07:49:38.227000-05:00,status,Ready for Development,In Development,74 days 06:57:13.994000
COMPRODUCT,COMPRODUCT-15805,2024-05-21 08:33:10.547000-05:00,status,In Development,QA Testing,5 days 00:43:32.320000
COMPRODUCT,COMPRODUCT-15805,2024-05-23 06:53:12.043000-05:00,status,QA Testing,On Hold,1 days 22:20:01.496000
COMPRODUCT,COMPRODUCT-15805,2024-05-29 06:03:03.590000-05:00,status,On Hold,QA Testing,5 days 23:09:51.547000
COMPRODUCT,COMPRODUCT-15805,2024-05-29 06:28:40.480000-05:00,status,QA Testing,Ready for Production,0 days 00:25:36.890000
COMPRODUCT,COMPRODUCT-15805,2024-09-23 11:47:36.070000-05:00,status,Ready for Production,Ready for Production,117 days 05:18:55.590000
COMPRODUCT,COMPRODUCT-15805,2024-11-12 09:32:49.184849-05:00,,Ready for Production,Active,49 days 21:45:13.114849
COMPRODUCT,COMPRODUCT-15800,2023-12-27 08:40:46.143000-06:00,status,New,Ready for Development,
COMPRODUCT,COMPRODUCT-15800,2024-03-04 16:33:52-06:00,status,Ready for Development,In Development,68 days 07:53:05.857000
COMPRODUCT,COMPRODUCT-15800,2024-05-02 12:34:26.837000-05:00,status,In Development,On Hold,58 days 19:00:34.837000
COMPRODUCT,COMPRODUCT-15800,2024-05-22 10:23:53.047000-05:00,status,On Hold,In Development,19 days 21:49:26.210000
COMPRODUCT,COMPRODUCT-15800,2024-06-20 16:13:24.413000-05:00,status,In Development,On Hold,29 days 05:49:31.366000
COMPRODUCT,COMPRODUCT-15800,2024-07-05 13:26:55.237000-05:00,status,On Hold,In Development,14 days 21:13:30.824000
COMPRODUCT,COMPRODUCT-15800,2024-07-22 17:55:58.393000-05:00,status,In Development,Code Review,17 days 04:29:03.156000
COMPRODUCT,COMPRODUCT-15800,2024-07-22 17:56:02.770000-05:00,status,Code Review,QA Testing,0 days 00:00:04.377000
COMPRODUCT,COMPRODUCT-15800,2024-07-22 17:56:09.903000-05:00,status,QA Testing,PO Validation,0 days 00:00:07.133000
COMPRODUCT,COMPRODUCT-15800,2024-09-23 11:37:41.117000-05:00,status,PO Validation,Ready for Production,62 days 17:41:31.214000
COMPRODUCT,COMPRODUCT-15800,2024-11-12 09:32:49.193669-05:00,,Ready for Production,Active,49 days 21:55:08.076669
COMPRODUCT,COMPRODUCT-15798,2023-10-03 13:08:00.057000-05:00,status,New,In Development,
COMPRODUCT,COMPRODUCT-15798,2023-12-01 16:28:57.160000-06:00,status,In Development,Ready for Development,59 days 04:20:57.103000
COMPRODUCT,COMPRODUCT-15798,2024-03-05 11:13:24.353000-06:00,status,Ready for Development,In Development,94 days 18:44:27.193000
COMPRODUCT,COMPRODUCT-15798,2024-04-23 18:19:05.023000-05:00,status,In Development,On Hold,49 days 06:05:40.670000
COMPRODUCT,COMPRODUCT-15798,2024-05-22 10:23:01.163000-05:00,status,On Hold,In Development,28 days 16:03:56.140000
COMPRODUCT,COMPRODUCT-15798,2024-06-20 16:12:51.100000-05:00,status,In Development,On Hold,29 days 05:49:49.937000
COMPRODUCT,COMPRODUCT-15798,2024-07-02 18:14:12.160000-05:00,status,On Hold,In Development,12 days 02:01:21.060000
COMPRODUCT,COMPRODUCT-15798,2024-07-05 13:26:10.257000-05:00,status,In Development,Code Review,2 days 19:11:58.097000
COMPRODUCT,COMPRODUCT-15798,2024-07-05 13:26:14.217000-05:00,status,Code Review,QA Testing,0 days 00:00:03.960000
COMPRODUCT,COMPRODUCT-15798,2024-07-05 13:26:19.127000-05:00,status,QA Testing,PO Validation,0 days 00:00:04.910000
COMPRODUCT,COMPRODUCT-15798,2024-09-23 11:28:34.547000-05:00,status,PO Validation,Ready for Production,79 days 22:02:15.420000
COMPRODUCT,COMPRODUCT-15798,2024-11-12 09:32:49.204542-05:00,,Ready for Production,Active,49 days 22:04:14.657542
COMPRODUCT,COMPRODUCT-15794,2023-12-28 08:51:09.477000-06:00,status,New,Ready for Development,
COMPRODUCT,COMPRODUCT-15794,2024-03-02 23:53:05.687000-06:00,status,Ready for Development,In Development,65 days 15:01:56.210000
COMPRODUCT,COMPRODUCT-15794,2024-05-06 17:16:09.880000-05:00,status,In Development,On Hold,64 days 16:23:04.193000
COMPRODUCT,COMPRODUCT-15794,2024-05-22 10:24:36.620000-05:00,status,On Hold,In Development,15 days 17:08:26.740000
COMPRODUCT,COMPRODUCT-15794,2024-06-28 15:58:52.747000-05:00,status,In Development,Code Review,37 days 05:34:16.127000
COMPRODUCT,COMPRODUCT-15794,2024-06-28 15:58:56.767000-05:00,status,Code Review,QA Testing,0 days 00:00:04.020000
COMPRODUCT,COMPRODUCT-15794,2024-07-02 18:13:46.090000-05:00,status,QA Testing,PO Validation,4 days 02:14:49.323000
COMPRODUCT,COMPRODUCT-15794,2024-09-23 11:40:12.920000-05:00,status,PO Validation,Ready for Production,82 days 17:26:26.830000
COMPRODUCT,COMPRODUCT-15794,2024-11-12 09:32:49.213641-05:00,,Ready for Production,Active,49 days 21:52:36.293641
COMPRODUCT,COMPRODUCT-15792,2023-12-28 12:43:41.567000-06:00,status,New,Ready for Development,
COMPRODUCT,COMPRODUCT-15792,2024-04-26 08:08:26.027000-05:00,status,Ready for Development,In Development,119 days 18:24:44.460000
COMPRODUCT,COMPRODUCT-15792,2024-04-29 08:07:41.327000-05:00,status,In Development,Code Review,2 days 23:59:15.300000
COMPRODUCT,COMPRODUCT-15792,2024-05-03 08:07:57.380000-05:00,status,Code Review,QA Testing,4 days 00:00:16.053000
COMPRODUCT,COMPRODUCT-15792,2024-05-07 10:13:41.303000-05:00,status,QA Testing,On Hold,4 days 02:05:43.923000
COMPRODUCT,COMPRODUCT-15792,2024-05-14 10:15:29.577000-05:00,status,On Hold,Closed,7 days 00:01:48.274000
COMPRODUCT,COMPRODUCT-15792,2024-05-14 10:15:36.400000-05:00,status,Closed,QA Testing,0 days 00:00:06.823000
COMPRODUCT,COMPRODUCT-15792,2024-05-15 05:27:49.220000-05:00,status,QA Testing,On Hold,0 days 19:12:12.820000
COMPRODUCT,COMPRODUCT-15792,2024-05-15 08:49:28.680000-05:00,status,On Hold,QA Testing,0 days 03:21:39.460000
COMPRODUCT,COMPRODUCT-15792,2024-05-15 08:50:06.317000-05:00,status,QA Testing,Ready for Production,0 days 00:00:37.637000
COMPRODUCT,COMPRODUCT-15792,2024-09-23 11:47:44.860000-05:00,status,Ready for Production,Ready for Production,131 days 02:57:38.543000
COMPRODUCT,COMPRODUCT-15792,2024-11-12 09:32:49.225393-05:00,,Ready for Production,Active,49 days 21:45:04.365393
COMPRODUCT,COMPRODUCT-15790,2023-10-20 10:31:10.637000-05:00,status,New,In Development,
COMPRODUCT,COMPRODUCT-15790,2023-11-24 08:43:45.827000-06:00,status,In Development,Ready for Development,34 days 23:12:35.190000
COMPRODUCT,COMPRODUCT-15790,2024-03-28 08:14:48.443000-05:00,status,Ready for Development,In Development,124 days 22:31:02.616000
COMPRODUCT,COMPRODUCT-15790,2024-04-23 18:16:32.127000-05:00,status,In Development,On Hold,26 days 10:01:43.684000
COMPRODUCT,COMPRODUCT-15790,2024-05-22 10:24:16.337000-05:00,status,On Hold,In Development,28 days 16:07:44.210000
COMPRODUCT,COMPRODUCT-15790,2024-06-26 09:49:52.947000-05:00,status,In Development,Code Review,34 days 23:25:36.610000
COMPRODUCT,COMPRODUCT-15790,2024-06-26 09:49:56.640000-05:00,status,Code Review,QA Testing,0 days 00:00:03.693000
COMPRODUCT,COMPRODUCT-15790,2024-06-26 09:50:01.463000-05:00,status,QA Testing,PO Validation,0 days 00:00:04.823000
COMPRODUCT,COMPRODUCT-15790,2024-09-12 14:23:40.360000-05:00,status,PO Validation,Ready for Production,78 days 04:33:38.897000
COMPRODUCT,COMPRODUCT-15790,2024-09-23 11:22:03.897000-05:00,status,Ready for Production,Closed,10 days 20:58:23.537000
COMPRODUCT,COMPRODUCT-15790,2024-11-12 09:32:49.234690-05:00,,Closed,Active,49 days 22:10:45.337690
COMPRODUCT,COMPRODUCT-15788,2023-12-27 08:23:07.370000-06:00,status,New,Ready for Development,
COMPRODUCT,COMPRODUCT-15788,2024-04-23 18:22:00.523000-05:00,status,Ready for Development,In Development,118 days 08:58:53.153000
COMPRODUCT,COMPRODUCT-15788,2024-05-15 17:13:35.450000-05:00,status,In Development,On Hold,21 days 22:51:34.927000
COMPRODUCT,COMPRODUCT-15788,2024-05-22 10:25:59.717000-05:00,status,On Hold,In Development,6 days 17:12:24.267000
COMPRODUCT,COMPRODUCT-15788,2024-05-29 06:46:03.907000-05:00,status,In Development,On Hold,6 days 20:20:04.190000
COMPRODUCT,COMPRODUCT-15788,2024-05-31 00:45:40.627000-05:00,status,On Hold,In Development,1 days 17:59:36.720000
COMPRODUCT,COMPRODUCT-15788,2024-05-31 05:18:49.230000-05:00,status,In Development,Ready for Production,0 days 04:33:08.603000
COMPRODUCT,COMPRODUCT-15788,2024-06-20 16:15:41.113000-05:00,status,Ready for Production,In Development,20 days 10:56:51.883000
COMPRODUCT,COMPRODUCT-15788,2024-08-15 14:59:43.087000-05:00,status,In Development,Code Review,55 days 22:44:01.974000
COMPRODUCT,COMPRODUCT-15788,2024-08-15 14:59:46.007000-05:00,status,Code Review,QA Testing,0 days 00:00:02.920000
COMPRODUCT,COMPRODUCT-15788,2024-10-01 18:10:15.067000-05:00,status,QA Testing,PO Validation,47 days 03:10:29.060000
COMPRODUCT,COMPRODUCT-15788,2024-11-12 09:32:49.257288-05:00,,PO Validation,Active,41 days 15:22:34.190288
COMPRODUCT,COMPRODUCT-15786,2023-12-01 16:29:08.387000-06:00,status,New,In Development,
COMPRODUCT,COMPRODUCT-15786,2023-12-01 16:29:20.747000-06:00,status,In Development,Ready for Development,0 days 00:00:12.360000
COMPRODUCT,COMPRODUCT-15786,2024-04-23 18:21:50.170000-05:00,status,Ready for Development,In Development,144 days 00:52:29.423000
COMPRODUCT,COMPRODUCT-15786,2024-05-13 17:14:32.540000-05:00,status,In Development,On Hold,19 days 22:52:42.370000
COMPRODUCT,COMPRODUCT-15786,2024-05-22 10:24:55.730000-05:00,status,On Hold,In Development,8 days 17:10:23.190000
COMPRODUCT,COMPRODUCT-15786,2024-06-05 17:03:51.143000-05:00,status,In Development,On Hold,14 days 06:38:55.413000
COMPRODUCT,COMPRODUCT-15786,2024-06-06 04:51:20.747000-05:00,status,On Hold,Ready for Production,0 days 11:47:29.604000
COMPRODUCT,COMPRODUCT-15786,2024-06-20 13:24:06.977000-05:00,status,Ready for Production,On Hold,14 days 08:32:46.230000
COMPRODUCT,COMPRODUCT-15786,2024-06-20 16:16:22.047000-05:00,status,On Hold,In Development,0 days 02:52:15.070000
COMPRODUCT,COMPRODUCT-15786,2024-08-01 13:49:45.050000-05:00,status,In Development,On Hold,41 days 21:33:23.003000
COMPRODUCT,COMPRODUCT-15786,2024-11-12 09:32:49.266813-05:00,,On Hold,Active,102 days 19:43:04.216813
COMPRODUCT,COMPRODUCT-15784,2023-12-27 08:20:54.673000-06:00,status,New,Ready for Development,
COMPRODUCT,COMPRODUCT-15784,2024-04-23 18:21:38.783000-05:00,status,Ready for Development,In Development,118 days 09:00:44.110000
COMPRODUCT,COMPRODUCT-15784,2024-05-10 17:17:46.227000-05:00,status,In Development,On Hold,16 days 22:56:07.444000
COMPRODUCT,COMPRODUCT-15784,2024-05-22 10:25:16.373000-05:00,status,On Hold,In Development,11 days 17:07:30.146000
COMPRODUCT,COMPRODUCT-15784,2024-06-04 07:56:22.967000-05:00,status,In Development,Ready for Production,12 days 21:31:06.594000
COMPRODUCT,COMPRODUCT-15784,2024-06-20 16:14:54.527000-05:00,status,Ready for Production,On Hold,16 days 08:18:31.560000
COMPRODUCT,COMPRODUCT-15784,2024-08-21 12:46:29.357000-05:00,status,On Hold,In Development,61 days 20:31:34.830000
COMPRODUCT,COMPRODUCT-15784,2024-08-22 17:10:38.627000-05:00,status,In Development,On Hold,1 days 04:24:09.270000
COMPRODUCT,COMPRODUCT-15784,2024-11-12 09:32:49.277232-05:00,,On Hold,Active,81 days 16:22:10.650232
COMPRODUCT,COMPRODUCT-15782,2023-12-27 08:38:02.047000-06:00,status,New,Ready for Development,
COMPRODUCT,COMPRODUCT-15782,2023-12-27 08:38:15.763000-06:00,status,Ready for Development,New,0 days 00:00:13.716000
COMPRODUCT,COMPRODUCT-15782,2023-12-27 13:58:49.013000-06:00,status,New,Ready for Development,0 days 05:20:33.250000
COMPRODUCT,COMPRODUCT-15782,2024-04-23 18:22:09.327000-05:00,status,Ready for Development,In Development,118 days 03:23:20.314000
COMPRODUCT,COMPRODUCT-15782,2024-08-21 12:43:43.080000-05:00,status,In Development,On Hold,119 days 18:21:33.753000
COMPRODUCT,COMPRODUCT-15782,2024-11-12 09:32:49.288080-05:00,,On Hold,Active,82 days 20:49:06.208080
COMPRODUCT,COMPRODUCT-15778,2023-12-27 08:19:41.343000-06:00,status,New,Ready for Development,
COMPRODUCT,COMPRODUCT-15778,2024-04-23 18:21:17.177000-05:00,status,Ready for Development,In Development,118 days 09:01:35.834000
COMPRODUCT,COMPRODUCT-15778,2024-05-09 16:42:16.733000-05:00,status,In Development,On Hold,15 days 22:20:59.556000
COMPRODUCT,COMPRODUCT-15778,2024-05-22 10:25:35.450000-05:00,status,On Hold,In Development,12 days 17:43:18.717000
COMPRODUCT,COMPRODUCT-15778,2024-06-05 14:35:25.017000-05:00,status,In Development,On Hold,14 days 04:09:49.567000
COMPRODUCT,COMPRODUCT-15778,2024-11-12 09:32:49.297381-05:00,,On Hold,Active,159 days 18:57:24.280381
COMPRODUCT,COMPRODUCT-15529,2024-01-17 03:35:55.607000-06:00,status,New,FA Grooming,
COMPRODUCT,COMPRODUCT-15529,2024-02-14 02:31:57.133000-06:00,status,FA Grooming,In Development,27 days 22:56:01.526000
COMPRODUCT,COMPRODUCT-15529,2024-02-14 08:03:47.170000-06:00,status,In Development,Ready for Development,0 days 05:31:50.037000
COMPRODUCT,COMPRODUCT-15529,2024-03-08 08:04:13.850000-06:00,status,Ready for Development,In Development,23 days 00:00:26.680000
COMPRODUCT,COMPRODUCT-15529,2024-03-21 01:35:31.853000-05:00,status,In Development,Future Test Cases,12 days 16:31:18.003000
COMPRODUCT,COMPRODUCT-15529,2024-05-29 04:27:23.753000-05:00,status,Future Test Cases,In Development,69 days 02:51:51.900000
COMPRODUCT,COMPRODUCT-15529,2024-05-30 07:58:45.193000-05:00,status,In Development,Future Test Cases,1 days 03:31:21.440000
COMPRODUCT,COMPRODUCT-15529,2024-07-02 06:36:54.987000-05:00,status,Future Test Cases,In Development,32 days 22:38:09.794000
COMPRODUCT,COMPRODUCT-15529,2024-07-03 06:08:44.087000-05:00,status,In Development,Code Review,0 days 23:31:49.100000
COMPRODUCT,COMPRODUCT-15529,2024-07-05 05:17:44.660000-05:00,status,Code Review,QA Testing,1 days 23:09:00.573000
COMPRODUCT,COMPRODUCT-15529,2024-07-18 07:18:10.250000-05:00,status,QA Testing,On Hold,13 days 02:00:25.590000
COMPRODUCT,COMPRODUCT-15529,2024-07-29 11:31:05.113000-05:00,status,On Hold,QA Testing,11 days 04:12:54.863000
COMPRODUCT,COMPRODUCT-15529,2024-07-31 04:39:02.307000-05:00,status,QA Testing,On Hold,1 days 17:07:57.194000
COMPRODUCT,COMPRODUCT-15529,2024-08-19 08:44:07.207000-05:00,status,On Hold,QA Testing,19 days 04:05:04.900000
COMPRODUCT,COMPRODUCT-15529,2024-08-20 08:22:18.870000-05:00,status,QA Testing,On Hold,0 days 23:38:11.663000
COMPRODUCT,COMPRODUCT-15529,2024-08-21 07:19:05.263000-05:00,status,On Hold,QA Testing,0 days 22:56:46.393000
COMPRODUCT,COMPRODUCT-15529,2024-08-21 07:42:15.323000-05:00,status,QA Testing,PO Validation,0 days 00:23:10.060000
COMPRODUCT,COMPRODUCT-15529,2024-10-24 03:53:41.810000-05:00,status,PO Validation,Ready for Production,63 days 20:11:26.487000
COMPRODUCT,COMPRODUCT-15529,2024-11-12 09:32:49.305882-05:00,,Ready for Production,Active,19 days 05:39:07.495882
COMPRODUCT,COMPRODUCT-15362,2023-09-18 23:23:36.347000-05:00,status,New,In Development,
COMPRODUCT,COMPRODUCT-15362,2023-10-23 09:39:55.317000-05:00,status,In Development,Ready for Development,34 days 10:16:18.970000
COMPRODUCT,COMPRODUCT-15362,2023-12-07 10:12:32.333000-06:00,status,Ready for Development,New,45 days 01:32:37.016000
COMPRODUCT,COMPRODUCT-15362,2024-07-21 22:50:02.517000-05:00,status,New,Ready for Development,227 days 11:37:30.184000
COMPRODUCT,COMPRODUCT-15362,2024-07-23 08:06:11.143000-05:00,status,Ready for Development,In Development,1 days 09:16:08.626000
COMPRODUCT,COMPRODUCT-15362,2024-10-31 08:05:47.970000-05:00,status,In Development,Code Review,99 days 23:59:36.827000
COMPRODUCT,COMPRODUCT-15362,2024-11-12 09:32:49.317899-05:00,,Code Review,Active,12 days 01:27:01.347899
COMPRODUCT,COMPRODUCT-15001,2022-10-24 15:50:53.017000-05:00,status,New,In Development,
COMPRODUCT,COMPRODUCT-15001,2022-11-01 10:00:40.643000-05:00,status,In Development,Code Review,7 days 18:09:47.626000
COMPRODUCT,COMPRODUCT-15001,2022-11-01 10:58:03.783000-05:00,status,Code Review,QA Testing,0 days 00:57:23.140000
COMPRODUCT,COMPRODUCT-15001,2022-11-07 09:09:09.933000-06:00,status,QA Testing,New,5 days 23:11:06.150000
COMPRODUCT,COMPRODUCT-15001,2022-11-07 09:09:28.310000-06:00,status,New,QA Testing,0 days 00:00:18.377000
COMPRODUCT,COMPRODUCT-15001,2022-11-11 01:46:40.477000-06:00,status,QA Testing,PO Validation,3 days 16:37:12.167000
COMPRODUCT,COMPRODUCT-15001,2022-11-16 07:06:10.463000-06:00,status,PO Validation,Closed,5 days 05:19:29.986000
COMPRODUCT,COMPRODUCT-15001,2024-11-12 09:32:49.329629-05:00,,Closed,Active,727 days 01:26:38.866629
COMPRODUCT,COMPRODUCT-14555,2022-07-26 09:57:05.293000-05:00,status,New,In Development,
COMPRODUCT,COMPRODUCT-14555,2022-07-26 15:11:44.880000-05:00,status,In Development,Code Review,0 days 05:14:39.587000
COMPRODUCT,COMPRODUCT-14555,2022-07-26 15:16:36.997000-05:00,status,Code Review,QA Testing,0 days 00:04:52.117000
COMPRODUCT,COMPRODUCT-14555,2022-07-28 12:27:45.860000-05:00,status,QA Testing,PO Validation,1 days 21:11:08.863000
COMPRODUCT,COMPRODUCT-14555,2022-07-28 12:27:48.757000-05:00,status,PO Validation,Closed,0 days 00:00:02.897000
COMPRODUCT,COMPRODUCT-14555,2024-11-12 09:32:49.340608-05:00,,Closed,Active,837 days 21:05:00.583608
COMPRODUCT,COMPRODUCT-14368,2024-01-02 06:46:16.027000-06:00,status,New,Ready for Development,
COMPRODUCT,COMPRODUCT-14368,2024-01-03 21:12:40.507000-06:00,status,Ready for Development,New,1 days 14:26:24.480000
COMPRODUCT,COMPRODUCT-14368,2024-01-09 08:05:29.517000-06:00,status,New,Ready for Development,5 days 10:52:49.010000
COMPRODUCT,COMPRODUCT-14368,2024-01-10 00:42:12.360000-06:00,status,Ready for Development,In Development,0 days 16:36:42.843000
COMPRODUCT,COMPRODUCT-14368,2024-01-12 03:32:45.560000-06:00,status,In Development,Code Review,2 days 02:50:33.200000
COMPRODUCT,COMPRODUCT-14368,2024-01-14 23:49:50.440000-06:00,status,Code Review,QA Testing,2 days 20:17:04.880000
COMPRODUCT,COMPRODUCT-14368,2024-10-24 04:40:58.577000-05:00,status,QA Testing,Ready for Production,283 days 03:51:08.137000
COMPRODUCT,COMPRODUCT-14368,2024-10-24 04:41:06.050000-05:00,status,Ready for Production,Closed,0 days 00:00:07.473000
COMPRODUCT,COMPRODUCT-14368,2024-11-12 09:32:49.349109-05:00,,Closed,Active,19 days 04:51:43.299109
COMPRODUCT,COMPRODUCT-14366,2022-08-22 17:02:44.233000-05:00,status,New,In Development,
COMPRODUCT,COMPRODUCT-14366,2023-05-25 09:02:10.320000-05:00,status,In Development,New,275 days 15:59:26.087000
COMPRODUCT,COMPRODUCT-14366,2024-11-12 09:32:49.360759-05:00,,New,Active,537 days 00:30:39.040759
COMPRODUCT,COMPRODUCT-14118,2024-10-24 04:31:04.620000-05:00,status,New,Closed,
COMPRODUCT,COMPRODUCT-14118,2024-11-12 09:32:49.370022-05:00,,Closed,Active,19 days 05:01:44.750022
COMPRODUCT,COMPRODUCT-14039,2022-04-19 16:45:39.370000-05:00,status,New,In Development,
COMPRODUCT,COMPRODUCT-14039,2022-04-25 06:31:13.383000-05:00,status,In Development,PO Grooming,5 days 13:45:34.013000
COMPRODUCT,COMPRODUCT-14039,2023-11-20 09:44:56.320000-06:00,status,PO Grooming,New,574 days 04:13:42.937000
COMPRODUCT,COMPRODUCT-14039,2024-10-24 04:25:59.373000-05:00,status,New,Closed,338 days 17:41:03.053000
COMPRODUCT,COMPRODUCT-14039,2024-11-12 09:32:49.379453-05:00,,Closed,Active,19 days 05:06:50.006453
COMPRODUCT,COMPRODUCT-14034,2023-03-14 08:04:04.970000-05:00,status,New,In Development,
COMPRODUCT,COMPRODUCT-14034,2023-04-03 18:39:36.110000-05:00,status,In Development,Code Review,20 days 10:35:31.140000
COMPRODUCT,COMPRODUCT-14034,2023-04-12 11:52:31.600000-05:00,status,Code Review,QA Testing,8 days 17:12:55.490000
COMPRODUCT,COMPRODUCT-14034,2024-10-24 04:23:40.157000-05:00,status,QA Testing,Closed,560 days 16:31:08.557000
COMPRODUCT,COMPRODUCT-14034,2024-11-12 09:32:49.391652-05:00,,Closed,Active,19 days 05:09:09.234652
COMPRODUCT,COMPRODUCT-13697,2024-06-12 03:35:25.557000-05:00,status,New,Ready for Development,
COMPRODUCT,COMPRODUCT-13697,2024-06-12 05:09:43.637000-05:00,status,Ready for Development,In Development,0 days 01:34:18.080000
COMPRODUCT,COMPRODUCT-13697,2024-10-25 07:54:03.053000-05:00,status,In Development,FA Grooming,135 days 02:44:19.416000
COMPRODUCT,COMPRODUCT-13697,2024-11-12 09:32:49.401998-05:00,,FA Grooming,Active,18 days 01:38:46.348998
COMPRODUCT,COMPRODUCT-13606,2021-12-22 11:10:15.770000-06:00,status,New,In Development,
COMPRODUCT,COMPRODUCT-13606,2023-11-15 07:59:06.793000-06:00,status,In Development,Ready for Development,692 days 20:48:51.023000
COMPRODUCT,COMPRODUCT-13606,2024-05-17 11:58:47.763000-05:00,status,Ready for Development,Closed,184 days 02:59:40.970000
COMPRODUCT,COMPRODUCT-13606,2024-11-12 09:32:49.412236-05:00,,Closed,Active,178 days 21:34:01.649236
COMPRODUCT,COMPRODUCT-13510,2021-11-10 18:47:27.353000-06:00,status,New,In Development,
COMPRODUCT,COMPRODUCT-13510,2023-11-15 07:58:02.030000-06:00,status,In Development,Ready for Development,734 days 13:10:34.677000
COMPRODUCT,COMPRODUCT-13510,2024-05-17 11:58:18.847000-05:00,status,Ready for Development,Closed,184 days 03:00:16.817000
COMPRODUCT,COMPRODUCT-13510,2024-11-12 09:32:49.420423-05:00,,Closed,Active,178 days 21:34:30.573423
AWFM,AWFM-1379,2024-11-12 09:32:51.944952-05:00,,To Do,Active,
AWFM,AWFM-1376,2024-10-28 00:05:51.730000-05:00,status,To Do,Done,
AWFM,AWFM-1375,2024-11-12 09:32:51.963085-05:00,,To Do,Active,
AWFM,AWFM-1365,2024-11-12 09:32:51.974118-05:00,,To Do,Active,
AWFM,AWFM-1364,2024-11-03 22:39:23.567000-06:00,status,To Do,Backlog,
AWFM,AWFM-1364,2024-11-07 22:48:37.457000-06:00,status,Backlog,Done,4 days 00:09:13.890000
AWFM,AWFM-1362,2024-11-12 09:32:51.990131-05:00,,To Do,Active,
AWFM,AWFM-1360,2024-10-13 23:42:43.760000-05:00,status,To Do,Backlog,
AWFM,AWFM-1360,2024-10-13 23:43:41.613000-05:00,status,Backlog,To Do,0 days 00:00:57.853000
AWFM,AWFM-1360,2024-11-03 22:40:52.397000-06:00,status,To Do,Backlog,20 days 23:57:10.784000
AWFM,AWFM-1360,2024-11-07 23:50:37.167000-06:00,status,Backlog,Done,4 days 01:09:44.770000
AWFM,AWFM-1358,2024-10-13 22:58:26.807000-05:00,status,To Do,Backlog,
AWFM,AWFM-1358,2024-10-13 23:38:36.113000-05:00,status,Backlog,Done,0 days 00:40:09.306000
AWFM,AWFM-1355,2024-10-08 04:36:01.043000-05:00,status,To Do,Backlog,
AWFM,AWFM-1355,2024-10-18 00:57:48.210000-05:00,status,Backlog,Done,9 days 20:21:47.167000
AWFM,AWFM-1351,2024-10-01 06:19:56.167000-05:00,status,To Do,Backlog,
AWFM,AWFM-1351,2024-10-08 00:00:55.337000-05:00,status,Backlog,Done,6 days 17:40:59.170000
AWFM,AWFM-1349,2024-09-26 09:17:58.117000-05:00,status,To Do,Backlog,
AWFM,AWFM-1349,2024-09-29 23:34:11.677000-05:00,status,Backlog,Done,3 days 14:16:13.560000
AWFM,AWFM-1345,2024-09-30 23:42:24.820000-05:00,status,To Do,Backlog,
AWFM,AWFM-1345,2024-10-01 00:53:21.343000-05:00,status,Backlog,In Development,0 days 01:10:56.523000
AWFM,AWFM-1345,2024-10-03 11:10:10.997000-05:00,status,In Development,SIT,2 days 10:16:49.654000
AWFM,AWFM-1345,2024-10-07 18:36:15.887000-05:00,status,SIT,Done,4 days 07:26:04.890000
AWFM,AWFM-1345,2024-10-07 22:23:23.303000-05:00,status,Done,To Do,0 days 03:47:07.416000
AWFM,AWFM-1345,2024-10-08 02:08:50.497000-05:00,status,To Do,Done,0 days 03:45:27.194000
AWFM,AWFM-1344,2024-10-30 11:48:47.817000-05:00,status,To Do,Done,
AWFM,AWFM-1343,2024-09-30 23:42:55.797000-05:00,status,To Do,Backlog,
AWFM,AWFM-1343,2024-11-12 09:32:52.056451-05:00,,Backlog,Active,42 days 09:49:56.259451
AWFM,AWFM-1330,2024-09-15 23:47:01.030000-05:00,status,To Do,Backlog,
AWFM,AWFM-1330,2024-09-18 06:51:01.957000-05:00,status,Backlog,Done,2 days 07:04:00.927000
AWFM,AWFM-1327,2024-11-12 09:32:52.074211-05:00,,To Do,Active,
AWFM,AWFM-1325,2024-10-28 00:09:50.307000-05:00,status,To Do,Done,
AWFM,AWFM-1321,2024-08-30 02:05:46.017000-05:00,status,To Do,Done,
AWFM,AWFM-1319,2024-11-03 06:24:41.153000-06:00,status,To Do,Done,
AWFM,AWFM-1318,2024-11-12 09:32:52.107433-05:00,,To Do,Active,
AWFM,AWFM-1317,2024-11-12 09:32:52.117039-05:00,,To Do,Active,
AWFM,AWFM-1316,2024-09-24 00:51:22.347000-05:00,status,To Do,Done,
AWFM,AWFM-1315,2024-08-07 22:58:35.327000-05:00,status,To Do,Done,
AWFM,AWFM-521,2024-08-13 00:48:40.783000-05:00,status,To Do,Done,
AWFM,AWFM-514,2024-09-24 00:53:04.437000-05:00,status,To Do,Done,
AWFM,AWFM-482,2024-11-12 09:32:52.160754-05:00,,To Do,Active,
AWFM,AWFM-479,2024-09-24 00:54:44.943000-05:00,status,To Do,Done,
AWFM,AWFM-477,2024-11-12 09:32:52.209248-05:00,,To Do,Active,
AWFM,AWFM-475,2024-09-10 23:42:04.477000-05:00,status,To Do,Done,
AII2,AII2-2119,2023-10-31 18:13:42.200000-05:00,status,Open,In Progress,
AII2,AII2-2119,2023-10-31 18:13:49.303000-05:00,status,In Progress,QA (UAT),0 days 00:00:07.103000
AII2,AII2-2119,2023-10-31 18:22:04.113000-05:00,status,QA (UAT),Deploy to Prod,0 days 00:08:14.810000
AII2,AII2-2119,2023-10-31 18:28:42.713000-05:00,status,Deploy to Prod,Done,0 days 00:06:38.600000
AT,AT-646,2023-10-11 12:23:07.667000-05:00,status,Add to Backlog,Prioritized,
AT,AT-646,2023-10-11 12:31:10.813000-05:00,status,Prioritized,In Progress,0 days 00:08:03.146000
AT,AT-646,2024-10-02 19:17:39.380000-05:00,status,In Progress,Done,357 days 06:46:28.567000
AT,AT-643,2024-10-02 19:42:54.800000-05:00,status,Add to Backlog,Prioritized,
AT,AT-643,2024-10-02 19:43:08.197000-05:00,status,Prioritized,Done,0 days 00:00:13.397000
AT,AT-639,2024-10-02 19:42:54.487000-05:00,status,Add to Backlog,Prioritized,
AT,AT-639,2024-10-02 19:43:13.427000-05:00,status,Prioritized,Done,0 days 00:00:18.940000
AT,AT-638,2021-09-20 12:44:11.310000-05:00,status,Add to Backlog,Prioritized,
AT,AT-638,2021-09-20 12:44:21.360000-05:00,status,Prioritized,In Progress,0 days 00:00:10.050000
AT,AT-638,2022-06-29 13:36:23.140000-05:00,status,In Progress,On Hold,282 days 00:52:01.780000
AT,AT-638,2022-06-29 13:36:28.107000-05:00,status,On Hold,In Progress,0 days 00:00:04.967000
AT,AT-638,2024-10-02 19:17:55.970000-05:00,status,In Progress,Done,826 days 05:41:27.863000
AT,AT-623,2024-10-02 19:42:54.170000-05:00,status,Add to Backlog,Prioritized,
AT,AT-623,2024-10-02 19:43:19.317000-05:00,status,Prioritized,Done,0 days 00:00:25.147000
AT,AT-595,2020-12-02 08:30:17.650000-06:00,status,Add to Backlog,Prioritized,
AT,AT-595,2024-10-02 19:14:56.787000-05:00,status,Prioritized,Done,1400 days 09:44:39.137000
AT,AT-594,2020-12-02 08:28:46.667000-06:00,status,Add to Backlog,Prioritized,
AT,AT-594,2024-10-02 19:15:14.917000-05:00,status,Prioritized,Done,1400 days 09:46:28.250000
AT,AT-581,2020-11-11 07:58:45.240000-06:00,status,Add to Backlog,Prioritized,
AT,AT-581,2020-11-11 08:04:20.447000-06:00,status,Prioritized,In Progress,0 days 00:05:35.207000
AT,AT-581,2024-10-02 19:17:59.820000-05:00,status,In Progress,Done,1421 days 10:13:39.373000
AT,AT-574,2020-11-04 08:42:47.090000-06:00,status,Add to Backlog,Prioritized,
AT,AT-574,2021-08-24 11:11:42.457000-05:00,status,Prioritized,On Hold,293 days 01:28:55.367000
AT,AT-574,2024-10-02 19:22:47.357000-05:00,status,On Hold,Done,1135 days 08:11:04.900000
AT,AT-573,2020-11-04 08:42:41.473000-06:00,status,Add to Backlog,Prioritized,
AT,AT-573,2024-10-02 17:11:02.790000-05:00,status,Prioritized,Done,1428 days 07:28:21.317000
AT,AT-562,2024-10-02 19:42:52.143000-05:00,status,Add to Backlog,Prioritized,
AT,AT-562,2024-10-02 19:47:25.090000-05:00,status,Prioritized,Done,0 days 00:04:32.947000
AT,AT-560,2024-10-02 19:42:51.717000-05:00,status,Add to Backlog,Prioritized,
AT,AT-560,2024-10-02 19:47:20.690000-05:00,status,Prioritized,Done,0 days 00:04:28.973000
AT,AT-555,2024-10-02 19:42:51.393000-05:00,status,Add to Backlog,Prioritized,
AT,AT-555,2024-10-02 19:47:14.637000-05:00,status,Prioritized,Done,0 days 00:04:23.244000
AT,AT-553,2024-10-02 19:42:51.077000-05:00,status,Add to Backlog,Prioritized,
AT,AT-553,2024-10-02 19:47:08.890000-05:00,status,Prioritized,Done,0 days 00:04:17.813000
AT,AT-552,2024-10-02 19:42:50.733000-05:00,status,Add to Backlog,Prioritized,
AT,AT-552,2024-10-02 19:46:49.240000-05:00,status,Prioritized,Done,0 days 00:03:58.507000
AT,AT-551,2024-10-02 19:42:50.420000-05:00,status,Add to Backlog,Prioritized,
AT,AT-551,2024-10-02 19:46:42.957000-05:00,status,Prioritized,Done,0 days 00:03:52.537000
AT,AT-550,2024-10-02 19:42:50.093000-05:00,status,Add to Backlog,Prioritized,
AT,AT-550,2024-10-02 19:46:36.083000-05:00,status,Prioritized,Done,0 days 00:03:45.990000
AT,AT-549,2024-10-02 19:42:49.763000-05:00,status,Add to Backlog,Prioritized,
AT,AT-549,2024-10-02 19:43:39.210000-05:00,status,Prioritized,Done,0 days 00:00:49.447000
AT,AT-548,2024-10-02 19:42:49.397000-05:00,status,Add to Backlog,Prioritized,
AT,AT-548,2024-10-02 19:45:08.820000-05:00,status,Prioritized,Done,0 days 00:02:19.423000
AT,AT-547,2024-10-02 19:42:49.073000-05:00,status,Add to Backlog,Prioritized,
AT,AT-547,2024-10-02 19:46:53.883000-05:00,status,Prioritized,Done,0 days 00:04:04.810000
AT,AT-514,2024-10-02 19:42:47.433000-05:00,status,Add to Backlog,Prioritized,
AT,AT-514,2024-10-02 19:46:20.640000-05:00,status,Prioritized,Done,0 days 00:03:33.207000
AT,AT-513,2024-10-02 19:42:47.113000-05:00,status,Add to Backlog,Prioritized,
AT,AT-513,2024-10-02 19:46:26.100000-05:00,status,Prioritized,Done,0 days 00:03:38.987000
AT,AT-512,2024-10-02 19:42:46.400000-05:00,status,Add to Backlog,Prioritized,
AT,AT-512,2024-10-02 19:46:08.907000-05:00,status,Prioritized,Done,0 days 00:03:22.507000
AT,AT-511,2024-10-02 19:42:46.783000-05:00,status,Add to Backlog,Prioritized,
AT,AT-511,2024-10-02 19:44:22.727000-05:00,status,Prioritized,Done,0 days 00:01:35.944000
AT,AT-510,2024-10-02 19:42:46.037000-05:00,status,Add to Backlog,Prioritized,
AT,AT-510,2024-10-02 19:43:54.963000-05:00,status,Prioritized,Done,0 days 00:01:08.926000
AT,AT-509,2024-10-02 19:42:45.717000-05:00,status,Add to Backlog,Prioritized,
AT,AT-509,2024-10-02 19:46:03.147000-05:00,status,Prioritized,Done,0 days 00:03:17.430000
AT,AT-508,2024-10-02 19:42:45.390000-05:00,status,Add to Backlog,Prioritized,
AT,AT-508,2024-10-02 19:45:58.027000-05:00,status,Prioritized,Done,0 days 00:03:12.637000
AT,AT-507,2024-10-02 19:42:45.070000-05:00,status,Add to Backlog,Prioritized,
AT,AT-507,2024-10-02 19:44:40.277000-05:00,status,Prioritized,Done,0 days 00:01:55.207000
AT,AT-506,2024-10-02 19:42:44.690000-05:00,status,Add to Backlog,Prioritized,
AT,AT-506,2024-10-02 19:44:45.250000-05:00,status,Prioritized,Done,0 days 00:02:00.560000
AT,AT-505,2024-10-02 19:42:44.303000-05:00,status,Add to Backlog,Prioritized,
AT,AT-505,2024-10-02 19:43:49.897000-05:00,status,Prioritized,Done,0 days 00:01:05.594000
AT,AT-504,2024-10-02 19:42:43.987000-05:00,status,Add to Backlog,Prioritized,
AT,AT-504,2024-10-02 19:45:00.057000-05:00,status,Prioritized,Done,0 days 00:02:16.070000
AT,AT-502,2024-10-02 19:42:43.643000-05:00,status,Add to Backlog,Prioritized,
AT,AT-502,2024-10-02 19:45:13.720000-05:00,status,Prioritized,Done,0 days 00:02:30.077000
AT,AT-501,2024-10-02 19:42:43.283000-05:00,status,Add to Backlog,Prioritized,
AT,AT-501,2024-10-02 19:45:44.280000-05:00,status,Prioritized,Done,0 days 00:03:00.997000
AT,AT-499,2024-10-02 19:42:42.940000-05:00,status,Add to Backlog,Prioritized,
AT,AT-499,2024-10-02 19:44:00.073000-05:00,status,Prioritized,Done,0 days 00:01:17.133000
AT,AT-498,2024-10-02 19:42:42.550000-05:00,status,Add to Backlog,Prioritized,
AT,AT-498,2024-10-02 19:44:30.690000-05:00,status,Prioritized,Done,0 days 00:01:48.140000
AT,AT-497,2024-10-02 19:42:42.167000-05:00,status,Add to Backlog,Prioritized,
AT,AT-497,2024-10-02 19:45:38.370000-05:00,status,Prioritized,Done,0 days 00:02:56.203000
AT,AT-494,2024-10-02 19:42:41.807000-05:00,status,Add to Backlog,Prioritized,
AT,AT-494,2024-10-02 19:45:32.050000-05:00,status,Prioritized,Done,0 days 00:02:50.243000
AT,AT-493,2024-10-02 19:42:41.440000-05:00,status,Add to Backlog,Prioritized,
AT,AT-493,2024-10-02 19:45:24.760000-05:00,status,Prioritized,Done,0 days 00:02:43.320000
AT,AT-492,2024-10-02 19:42:41.097000-05:00,status,Add to Backlog,Prioritized,
AT,AT-492,2024-10-02 19:44:18.300000-05:00,status,Prioritized,Done,0 days 00:01:37.203000
AT,AT-488,2024-10-02 19:42:40.753000-05:00,status,Add to Backlog,Prioritized,
AT,AT-488,2024-10-02 19:44:10.030000-05:00,status,Prioritized,Done,0 days 00:01:29.277000
AT,AT-487,2020-07-28 16:27:42.797000-05:00,status,Add to Backlog,Prioritized,
AT,AT-487,2020-09-16 08:24:16.950000-05:00,status,Prioritized,In Progress,49 days 15:56:34.153000
AT,AT-487,2024-10-02 19:17:42.157000-05:00,status,In Progress,Done,1477 days 10:53:25.207000
AT,AT-483,2024-10-02 19:42:40.400000-05:00,status,Add to Backlog,Prioritized,
AT,AT-483,2024-10-02 19:43:46.150000-05:00,status,Prioritized,Done,0 days 00:01:05.750000
AT,AT-482,2020-07-28 16:17:03.227000-05:00,status,Add to Backlog,Prioritized,
AT,AT-482,2020-07-29 10:50:10.837000-05:00,status,Prioritized,In Progress,0 days 18:33:07.610000
AT,AT-482,2024-10-02 19:18:14.297000-05:00,status,In Progress,Done,1526 days 08:28:03.460000
